id,trazo_primario,trazo_secundario,nombre_iniciativa,division,bip,bip_base,iniciativa_id,comunas,contraparte_externa,responsable_gore,estado,etapa,formulador,unidad_tecnica,fuente_financiera,estado_financiero,monto,hito,medida,unidad,q1_2026,q2_2026,q3_2026,q4_2026,q1_2027,q2_2027,q3_2027,q4_2027,q1_2028,q2_2028,q3_2028,q4_2028,y2029_plus,fecha_inicio,fecha_termino,observacion,accion,origen_archivo
c8d76769-d30a-45c8-8c12-1565dece69b4,AZUL,ROJO,CONSTRUCCION PASADAS URBANAS QUIRIHUE-TREHUACO-COELEMU RUTA 126,DIT,40030997-0,40030997,,"QUIRIHUE, TREHUACO, COELEMU",,Nicolas Lara,RS,PREFACTIBILIDAD,MOP - VIALIDAD,MOP - VIALIDAD,MOP,FINANCIADO,682778.0,RESULTADO,56,KM,,,,,,,,,,,,,,,,,,CONSOLIDADO.csv
b24274d9-7d21-40aa-a2fe-eace97653e55,AZUL,CAFÉ,Transferencia Fomento y Desarrollo Productivo de la Pesca Artesanal de la Región de Ñuble - INDESPA,DIFOI,40065365-0,40065365,,"COBQUECURA, COELEMU, TREHUACO",,Elias Jara,RS,EJECUCIÓN,INDESPA,INDESPA,GORE - FNDR,FINANCIADO,937804.0,ENTREGA EQUIPOS,321,BENEFICIARIOS,,,,,,,,,,,,,,,,,,CONSOLIDADO.csv
009e7418-9862-488d-942e-35b73b8707aa,AZUL,VIOLETA,Adquisición Unidad Despliegue Policía Marítima Ñuble - Dirección General del Territorio Marítimo - ARMADA DE CHILE,DIPIR,40063741-0,40063741,e282ed49-2881-4e05-8fb3-ba6cafac97ec,COBQUECURA,,C. JAQUE,RS,EJECUCIÓN,ARMADA,ARMADA,GORE - FNDR,FINANCIADO,496738.0,ENTREGA EQUIPOS,1,UNIDAD,,,,,,,,,,,,,,,,,,CONSOLIDADO.csv
5f437b26-bb6b-4986-b333-306633812467,AZUL,ROJO,Mejoramiento ruta N-114 y N-14-O y Construcción Puente Itata  - MOP,SECTORIAL,30130385-0,30130385,,INTERCOMUNA,,,RE EVALUACIÓN,DISEÑO,MOP - VIALIDAD,MOP - VIALIDAD,MOP,FINANCIADO,5183995.0,ENTREGA DISEÑO,57,KM,,,,,,,,,,,,,,,,,,CONSOLIDADO.csv
6d18c2b4-7746-4d06-935b-95452b62329b,AZUL,VIOLETA,"MEJORAMIENTO PARQUE CERRO EL CALVARIO, COMUNA DE COBQUECURA",SECTORIAL,40022921-0,40022921,,COBQUECURA,,,RS,DISEÑO,MINVU,SERVIU,SERVIU,FINANCIADO,76245.0,ENTREGA DISEÑO,"20,600",M2,,,,,,,,,,,,,,,,,,CONSOLIDADO.csv
5bbafde1-d828-4a44-a393-e9260e1ce071,AZUL,VIOLETA,"MEJORAMIENTO PARQUE CERRO EL CALVARIO, COMUNA DE COBQUECURA",SECTORIAL,40022921-0,40022921,,COBQUECURA,,,RS,EJECUCIÓN,MINVU,SERVIU,SERVIU,NO FINANCIADO,,INICIO OBRA,"20,600",M2,,,,,,,,,,,,,,,,,,CONSOLIDADO.csv
d57257cd-c320-441e-86bf-8ec3761863d8,AZUL,VIOLETA,"MEJORAMIENTO BORDE COSTERO PERALES - LADO SUR ESTERO, COELEMU",SECTORIAL,40020223-0,40020223,,COELEMU,,,RS,EJECUCIÓN,MOP - DOP,MOP - DOP,MOP - DOP,FINANCIADO,2563396.0,INAGURACIÓN,"1,170",M2,,,,,,,,,,,,,,,,,,CONSOLIDADO.csv
06be40ff-9539-488a-88a4-24dc5afaab5d,AZUL,VIOLETA,"MEJORAMIENTO PARQUE PASEO LOBERÍA, COMUNA DE COBQUECURA",SECTORIAL,40029818-0,40029818,,COBQUECURA,,,RS,DISEÑO,MINVU,SERVIU,SERVIU,FINANCIADO,73308.0,ENTREGA DISEÑO,"27,000",M2,,,,,,,,,,,,,,,,,,CONSOLIDADO.csv
b6c14e90-a9a5-4ddf-97e5-e10a35f4d7c3,AZUL,VIOLETA,ADQUISICION DE EQUIPAMIENTO PARA FISCALIZACIÓN Y DIFUSIÓN DE NORMATIVAPESQUERA EN ÑUBLE - SERNAPESCA,DIFOI,40064469-0,40064469,,"COBQUECURA, COELEMU, TREHUACO",,Carmen (Jefa),RS,EJECUCIÓN,SERNAPESCA,SERNAPESCA,GORE - FNDR,FINANCIADO,67996.0,ENTREGA EQUIPOS,1,UNIDAD,,,,,,,,,,,,,,,,,,CONSOLIDADO.csv
6141bf82-3faf-42c6-81b8-c3b97ba3239a,AZUL,VIOLETA,ALCALDÍA DE MAR,DIPLADE,Sin información,,,COBQUECURA,,,IDEA,NO APLICA,ARMADA,ARMADA,GORE - FNDR,NO FINANCIADO,,ENTREGA TERRENO,,UNIDAD,,,,,,,,,,,,,,,,,,CONSOLIDADO.csv
88af648b-c196-4745-8bc1-e29bda0176cc,AZUL,VIOLETA,AMPLIACIÓN BORDE COSTERO BUCHUPUREO COBQUECURA,SECTORIAL,40061284-0,40061284,,COBQUECURA,,,EN FORMULACIÓN,EJECUCIÓN,MOP - DOP,MOP - DOP,MOP - DOP,NO FINANCIADO,,INICIO OBRA,,M2,,,,,,,,,,,,,,,,,,CONSOLIDADO.csv
2e299180-9e40-4f86-89d1-c4326bbd0b5c,AZUL,,SENDERO DE LA COSTA,Ñ250,Sin información,,,COBQUECURA,,,IDEA,EJECUCIÓN,MUNICIPALIDAD,POR DEFINIR,GORE - FRIL,NO FINANCIADO,,INICIO OBRA,,M2,,,,,,,,,,,,,,,,,,CONSOLIDADO.csv
2f442972-01d7-49c1-93d3-38a962992948,AZUL,,REPOSICIÓN PUENTE LAS NIÑAS COMUNA DE COBQUECURA,SECTORIAL,40013166-0,40013166,,COBQUECURA,,,EN FORMULACIÓN,DISEÑO,MINVU,SERVIU,"SERVIU, MINVU",FINANCIADO,244183.0,ENTREGA DISEÑO,968,M2,,,,,,,,,,,,,,,,,,CONSOLIDADO.csv
923ac2cb-5e05-453c-9fca-f53f0aa46fc1,AZUL,,ÁREAS DEPORTIVAS DE PLAYA,Ñ250,Sin información,,,COBQUECURA,,,IDEA,EJECUCIÓN,MUNICIPALIDAD,POR DEFINIR,GORE - FRIL,NO FINANCIADO,,ENTREGA DISEÑO,,M2,,,,,,,,,,,,,,,,,,CONSOLIDADO.csv
42840af8-89f8-4b9d-b48a-af3b97865980,BLANCO,,ADQUISICIÓN FUNDO BULLILEO,DIPLADE,40077919-0,40077919,,SAN FABIÁN,,,EN FORMULACIÓN,SIN INFORMACIÓN,GORE,GORE,GORE - FNDR,FINANCIADO,2457992.0,ENTREGA TERRENO,,M2,,,,,,,,,,,,,,,,,,CONSOLIDADO.csv
c7c879c6-fca3-4e89-a5a9-1868dd49b721,BLANCO,,ADQUISICIÓN FUNDO EL PLAN,DIPLADE,40077918-0,40077918,,SAN FABIÁN,,,EN FORMULACIÓN,SIN INFORMACIÓN,GORE,GORE,GORE - FNDR,FINANCIADO,5369969.0,ENTREGA TERRENO,,M2,,,,,,,,,,,,,,,,,,CONSOLIDADO.csv
a497f0cb-cf83-4862-a713-a00fe7e8815d,BLANCO,,RECAMBIO LUMINARIAS LED (LAS TRANCAS),DIPIR,Sin información,,,PINTO,,SUBDERE,RS,EJECUCIÓN,MUNICIPALIDAD,MUNICIPALIDAD,PMU,FINANCIADO,220149.0,INAGURACIÓN,,UNIDAD,,,,,,,,,,,,,,,,INAUGURACIÓN?,CREEMOS ESTA EN DIPIR,CONSOLIDADO.csv
e72edecc-92dd-43be-b1f4-5497dd20f84b,BLANCO,,MEJORAMIENTO PLAZOLETA LAS TRANQUITAS,DIPIR,40065036-0,40065036,4db425bc-78e3-4bc6-9590-ce125ee5987e,PINTO,,C. JUNGJOHANN,RS,EJECUCIÓN,MUNICIPALIDAD,DIPLADE,GORE - FRIL,FINANCIADO,161698.0,INAGURACIÓN,700,M2,,,,,,,,,,,,,,,,INAUGURACIÓN?,CREEMOS ESTA EN DIPIR,CONSOLIDADO.csv
2fcd274c-173c-4d57-8d75-67b6deffa8cb,BLANCO,,DIAGNOSTICO Y ANÁLISIS DE DEMANDA AÉREA AERÓDROMO GENERAL BERNARDO OHIGGINS,DIT,40058872-0,40058872,,CHILLAN,,Ricardo Pavez,RS,EJECUCIÓN,MOP,MOP,MOP,FINANCIADO,281401.0,RESULTADO,,DINERO,,,,,,,,,,,,,,,,VUELOS A LA REGIÓN,,CONSOLIDADO.csv
7b9c637c-f9e0-455f-96b5-7a40247fc1d6,BLANCO,VIOLETA,CONSULTORIO PINTO,DIPLADE,40010038-0,40010038,8abff70e-8232-46ec-8bb9-95cc4ae3c8a3,PINTO,,,RS,EJECUCIÓN,MUNICIPALIDAD,MUNICIPALIDAD,GORE - FNDR,FINANCIADO,7485805.0,INAGURACIÓN,"1,766",M2,,,,,,,,,,,,,,,,,,CONSOLIDADO.csv
484e6a43-c36d-4a96-8bdc-794df3969db0,BLANCO,,CONSULTORIO SAN FABÍAN,DIPLADE,30202824-0,30202824,2a7794b5-3c58-45b0-8227-c95f098544c4,SAN FABIÁN,,,RS,EJECUCIÓN,MUNICIPALIDAD,SSÑ,GORE - FNDR,NO FINANCIADO,5439519.0,INICIO OBRA,"1,510",M2,,,,,,,,,,,,,,,,,,CONSOLIDADO.csv
1c49180c-0e2b-4931-9732-5b89043d9fa3,BLANCO,VIOLETA,"CONSTRUCCION BASE SAMU LAS TRANCAS, COMUNA DE PINTO",DIPLADE,Sin información,,,PINTO,,,IDEA,DISEÑO,MUNICIPALIDAD,SSÑ,GORE - FNDR,NO FINANCIADO,115000.0,ENTREGA DISEÑO,,M2,,,,,,,,,,,,,,,,,,CONSOLIDADO.csv
cf22aae7-8868-4ef9-a079-81fe15c5db8a,BLANCO,,TELEFÉRICO TURÍSTICO VALLE CORDILLERANO NEVADOS DE CHILLÁN,SECTORIAL,Sin información,,,PINTO,,,IDEA,PREFACTIBILIDAD,MOP,MOP,MOP,NO FINANCIADO,,RESULTADO,,DINERO,,,,,,,,,,,,,,,,INGRESAR A CON. MOP,,CONSOLIDADO.csv
f7d49e3b-14a6-484f-8b77-fdfad070fa85,BLANCO,AMARILLO,CONSTRUCCION SISTEMA DE ALCANTARILLADO Y P.T.A.S LOCALIDAD DE SAN FABIAN DE ALICO,DIPIR,40028237-0,40028237,55da738f-b5c0-4b23-b009-a703dc4da7df,SAN FABIÁN,,J. OÑATE,RS,EJECUCIÓN,MUNICIPALIDAD,MUNICIPALIDAD,GORE - FNDR,FINANCIADO,9943572.0,INICIO OBRA,641,BENEFICIARIOS,,,,,,,,,,,,,,,,INICIO DE OBRA,,CONSOLIDADO.csv
7e69b01c-45c3-44f8-ad63-7886731b2383,BLANCO,,ALCANTARILLADO Y AP LAS TRANCAS - PREFACTIBILIDAD,DIT,Sin información,,,PINTO,,Pablo Nuñez,EN FORMULACIÓN,DISEÑO,MUNICIPALIDAD,MUNICIPALIDAD,GORE - FNDR,NO FINANCIADO,808791.0,RESULTADO,"3,285",BENEFICIARIOS,,,,,,,,,,,,,,,,,,CONSOLIDADO.csv
3f56b13a-26b2-4e8d-a26c-1bbeed47ee30,BLANCO,CAFÉ,CONSTRUCCION CONEXION VIAL BINACIONAL REGION DE ÑUBLE,DIT,40046503-0,40046503,,SAN FABIÁN,,Cristian Jefe DIT,EN FORMULACIÓN,PREFACTIBILIDAD,MOP - VIALIDAD,MOP - VIALIDAD,MOP - VIALIDAD,NO FINANCIADO,653743.0,RESULTADO,,DINERO,,,,,,,,,,,,,,,,HABILITACIÓN TRANSITORIA PASO FRONTERIZA (FNDR) - PUENTES MECANOS ( DIT) (MOP),,CONSOLIDADO.csv
098620c9-6842-4d0a-8cd9-284ff4b69b38,BLANCO,CAFÉ,MINAS ÑUBLE HABILITACIÓN PASO FRONTERIZO,DIT,Sin información,,,SAN FABIÁN,,Cristian Jefe DIT,EN FORMULACIÓN,EJECUCIÓN,MOP - VIALIDAD,MOP - VIALIDAD,MOP - VIALIDAD,NO FINANCIADO,653743.0,RESULTADO,,UNIDAD,,,,,,,,,,,,,,,,,,CONSOLIDADO.csv
46058eab-6806-46b1-87ab-66a5fa506726,BLANCO,,SEGURIDAD EN LA MONTAÑA - INICIATIVA DE SEÑALETICAS SOCORRO ANDINO,Ñ250,Sin información,,,PINTO,,,IDEA,EJECUCIÓN,GORE,GORE,GORE - FRIL,NO FINANCIADO,,INAUGURACIÓN,,DINERO,,,,,,,,,,,,,,,,,,CONSOLIDADO.csv
1ff9f4b5-e78f-44cd-a4a9-d4c74ea7e46f,BLANCO,ROJO,ESTUDIO RUTA ACCESO FUNDO EL PLAN,Ñ250,Sin información,,,PINTO,,,IDEA,PREFACTIBILIDAD,MOP - VIALIDAD,MOP - VIALIDAD,GORE - FNDR,NO FINANCIADO,,RESULTADO,,DINERO,,,,,,,,,,,,,,,,,,CONSOLIDADO.csv
0db0ea68-b03e-4ca7-b428-31d7d9a81b85,BLANCO,,"SENDA MULTIPROPOSITO PARA PEATONES Y VEHICULOS NO MOTORIZADOS , COMUNA DE PINTO.",SECTORIAL,40030991-0,40030991,,PINTO,,,IDEA,DISEÑO,MOP - VIALIDAD,MOP - VIALIDAD,"SERVIU, MOP",NO FINANCIADO,137.855,ENTREGA DISEÑO,,KM,,,,,,,,,,,,,,,,PROYECTO CON RS SIN FINANCIAR,,CONSOLIDADO.csv
d92680ab-9a6a-4295-8700-30b10ed35a7c,BLANCO,ROJO,ESTUDIO RUTA ACCESO RESERVA NACIONAL ÑUBLE,Ñ250,Sin información,,,PINTO,,,IDEA,PREFACTIBILIDAD,MOP,MOP - VIALIDAD,GORE - FNDR,NO FINANCIADO,,RESULTADO,,DINERO,,,,,,,,,,,,,,,,,,CONSOLIDADO.csv
a04cba01-2b52-411e-8c32-3f819b3496fc,BLANCO,,KM CICLISMO TURISMO MONTAÑA SAN FABIAN - LAS TRANCAS,DIFOI,Sin información,,,PINTO,,,IDEA,EJECUCIÓN,MOP - VIALIDAD,MOP - VIALIDAD,GORE - FNDR,NO FINANCIADO,,RESULTADO,,KM,,,,,,,,,,,,,,,,,,CONSOLIDADO.csv
dafe70c0-2210-4a01-ac5d-b5da4fccbb3d,BLANCO,ROJO,RUTA LAS TRANCAS Y SAN FABIAN,DIT,Sin información,,,"PINTO, SAN FABIÁN",,Nicolas Lara,IDEA,PREFACTIBILIDAD,MOP - VIALIDAD,MOP - VIALIDAD,GORE - FNDR,NO FINANCIADO,,RESULTADO,,DINERO,,,,,,,,,,,,,,,,PRE FACTIBILIDAD,,CONSOLIDADO.csv
563ae3ae-52cb-4e28-b8e6-ea8acfc0e559,BLANCO,ROJO,ESTUDIO RUTA ACCESO RESERVA NACIONAL HUEMULES DE NIBLINTO,SECTORIAL,Sin información,,,COIHUECO,,,IDEA,PREFACTIBILIDAD,MOP - VIALIDAD,MOP - VIALIDAD,GORE - FNDR,NO FINANCIADO,,RESULTADO,,DINERO,,,,,,,,,,,,,,,,EXPROPIACIÓN,,CONSOLIDADO.csv
0f1b5d1e-8697-4757-84e5-9c052ff404cc,CELESTE,,"Conservación Parque Monumental Bdo. O´Higgins, Chillán Viejo",SECTORIAL,40072302-0,40072302,,CHILLÁN VIEJO,,,ADMISIBILIDAD,EJECUCIÓN,MINVU,SERVIU,MINVU,FINANCIADO,470985.0,INICIO OBRA,"31,250",M2,,,,,,,,,,,,,,,,jul-26,,CONSOLIDADO.csv
87651295-9cc4-43e7-b387-5954435b38d1,CELESTE,,Mejoramiento Plaza de Armas Chillán Viejo,MUNICIPAL,Sin información,,,CHILLÁN VIEJO,,,IDEA,EJECUCIÓN,MUNICIPALIDAD,MUNICIPALIDAD,GORE - FNDR,NO FINANCIADO,,INICIO OBRA,,M2,,,,,,,,,,,,,,,,Por Definir,,CONSOLIDADO.csv
0733edb3-fea6-4f0a-8813-b5f24727b916,CELESTE,,"Mejoramiento espejo de agua e iluminación Mural María Martner, Ch. Viejo, Parque O´Higgins",DIPIR,40048792-0,40048792,c18e0cfc-481c-4638-9b1c-88319c734de6,CHILLÁN VIEJO,,J. OÑATE,RS,EJECUCIÓN,MUNICIPALIDAD,MUNICIPALIDAD,GORE - FNDR,FINANCIADO,242863.0,INAGURACIÓN,258,M2,,,,,,,,,,,,,,,,dic-25,,CONSOLIDADO.csv
1d31b030-13ef-48f0-825e-d937e0d8a58b,CELESTE,,"MEJORAMIENTO ESPACIO PUBLICO CALLE ANGEL PARRA, DE CHILLAN VIEJO",SECTORIAL,40026545-0,40026545,,CHILLÁN VIEJO,,,EN FORMULACIÓN,EJECUCIÓN,MUNICIPALIDAD,SERVIU,MINVU,NO FINANCIADO,75.976,INICIO OBRA,"10,300",M2,,,,,,,,,,,,,,,,Pendiente,,CONSOLIDADO.csv
d48fbadb-e784-4687-8193-4c92574b4755,CELESTE,,Museo Bernardo O´Higgins,MUNICIPAL,Sin información,,,CHILLÁN VIEJO,,,IDEA,DISEÑO,MUNICIPALIDAD,POR DEFINIR,Por Definir,NO FINANCIADO,,,,,,,,,,,,,,,,,,,,Por Definir,,CONSOLIDADO.csv
f972498f-e97e-4bda-8f57-fcf1ee9d0ff0,CELESTE,,"Construcción Parque Intercomunal Ultraestación, Chillán",DIPIR,40014384-0,40014384,f2d700e7-ba69-4b56-8792-1ad296646eda,CHILLAN,,J. OÑATE,RS,DISEÑO,MINVU,SERVIU,GORE - FNDR,FINANCIADO,3822158.0,ENTREGA DISEÑO,"86,150",M2,,,,,,,,,,,,,,,,mar-26,,CONSOLIDADO.csv
5283e8ea-68e6-47fa-a11a-bce7c4e45a6f,CELESTE,,"Construcción Parque Intercomunal Ultraestación, Chillán",SECTORIAL,40014384-0,40014384,f2d700e7-ba69-4b56-8792-1ad296646eda,CHILLAN,,,EN FORMULACIÓN,EJECUCIÓN,MINVU,SERVIU,MINVU,NO FINANCIADO,15713200.0,INICIO OBRA,"86,150",M2,,,,,,,,,,,,,,,,mar-27,,CONSOLIDADO.csv
0e6a2e52-ef29-48de-93a2-a0ff9118457f,CELESTE,,"Construcción Desnivel Camino Parque Lantaño, Chillán",SECTORIAL,30407424-0,30407424,,CHILLAN,,,RS,EJECUCIÓN,MINVU,SERVIU,MINVU,FINANCIADO,17731271.0,INICIO OBRA,"0,6",KM,,,,,,,,,,,,,,,,jun-26,,CONSOLIDADO.csv
bfc1af5a-128e-463e-9052-7194c83b4df9,CELESTE,,Construcción Centro de Mantenimiento,SECTORIAL,40020831-0,40020831,,CHILLAN,,,RS,EJECUCIÓN,EFE,EFE,EFE,FINANCIADO,1082660.0,INAUGURACIÓN,,M2,,,,,,,,,,,,,,,,ago-26,,CONSOLIDADO.csv
18f5d837-8be0-4d90-9e1c-4b336a3ac0a4,CELESTE,,Remodelaciòn Estaciòn de trenes,SECTORIAL,Sin información,,,CHILLAN,,,EN FORMULACIÓN,EJECUCIÓN,EFE,EFE,EFE,,,INICIO OBRA,,M2,,,,,,,,,,,,,,,,,,CONSOLIDADO.csv
ed23f37f-086b-4a18-9cd3-1937d08b8752,CELESTE,,Museo Regional de Ñuble,SECTORIAL,40020233-0,40020233,,CHILLAN,,,RS,EJECUCIÓN,SERPAT,SERPAT,SERPAT,FINANCIADO,33555.0,INICIO OBRA,"7,070",M2,,,,,,,,,,,,,,,,mar-27,,CONSOLIDADO.csv
dac58289-796f-452f-8b31-570ccc94b035,CELESTE,,Restauración Iglesia de la Virgen del Carmen,SECTORIAL,30134669-0,30134669,cfe9cbf2-61b5-4220-a4b3-d107104a7d37,CHILLAN,,,EN FORMULACIÓN,EJECUCIÓN,SERPAT,MOP - DA,"SUBDERE, SERPAT",NO FINANCIADO,8750.0,INICIO OBRA,"1,325",M2,,,,,,,,,,,,,,,,Por definir,,CONSOLIDADO.csv
5080a4ee-93b3-4f45-93c8-0e764215cad3,CELESTE,,Construcción Archivo Regional de Ñuble,SECTORIAL,40051663-0,40051663,,CHILLAN,,,RS,DISEÑO,SERPAT,SERPAT,SERPAT,FINANCIADO,6126634.0,ENTREGA DISEÑO,"3,752",M2,,,,,,,,,,,,,,,,jul-26,,CONSOLIDADO.csv
11af1b87-0b45-4f9a-8159-8f4a8603eb2f,CELESTE,,"Construcción paso peatonal sobre nivel Parque Ultraestación, Chillán",Ñ250,40070931-0,40070931,,CHILLAN,,,EN FORMULACIÓN,DISEÑO,GORE,GORE,GORE - FNDR,NO FINANCIADO,692514.0,ENTREGA DISEÑO,"2,000",M2,,,,,,,,,,,,,,,,Por definir,,CONSOLIDADO.csv
942d0112-f8e2-47b0-af68-8715b58eeef9,CELESTE,,"Construcción Parque Sarita Gajardo, Chillán.",SECTORIAL,30479895-0,30479895,ffa0e955-d113-46eb-af5f-cc235f1ec70c,CHILLAN,,,RS,EJECUCIÓN,MINVU,SERVIU,MINVU,FINANCIADO,8541636.0,INAUGURACIÓN,"56,250",M2,,,,,,,,,,,,,,,,jun-27,,CONSOLIDADO.csv
bede6066-dde5-45a0-8db0-53397aee479d,CELESTE,ROJO,Mejoramiento Av. Diagonal Las Termas,SECTORIAL,30126884-0,30126884,,CHILLAN,,,RS,EJECUCIÓN,MINVU,SERVIU,MINVU,FINANCIADO,19642197.0,INAUGURACIÓN,1.3,KM,,,,,,,,,,,,,,,,dic-26,,CONSOLIDADO.csv
023f8ff2-4b99-46fe-b27e-5b7d350f09dd,CELESTE,ROJO,Mejoramiento Av. HuambalÍ,SECTORIAL,30126883-0,30126883,,CHILLAN,,,RS,EJECUCIÓN,MINVU,SERVIU,MINVU,FINANCIADO,24713978.0,INAUGURACIÓN,2.0,KM,,,,,,,,,,,,,,,,,,CONSOLIDADO.csv
9228d2d7-2186-4c94-aa88-c26add3874d6,CELESTE,,Paso sobrenivel existente mejoramiento. Escalera mecanica Flavio Barrientos,Ñ250,Sin información,,,CHILLAN,,,IDEA,DISEÑO,POR DEFINIR,POR DEFINIR,GORE - FNDR,NO FINANCIADO,,ENTREGA DISEÑO,,M2,,,,,,,,,,,,,,,,,,CONSOLIDADO.csv
85a855e7-d5d9-4238-ac52-069c18f74c68,CELESTE,ROJO,"Mejoramiento Avda. España Central, Chillán",SECTORIAL,30278625-0,30278625,,CHILLAN,,,RS,EJECUCIÓN,MINVU,SERVIU,MINVU,NO FINANCIADO,14571010.0,INICIO OBRA,2,KM,,,,,,,,,,,,,,,,,,CONSOLIDADO.csv
72428dd4-b2ab-4daa-922f-7e6bd86611cd,CELESTE,ROJO,Mejoramiento Accesibilidad Sur Oriente,SECTORIAL,30116639-0,30116639,,CHILLAN,,,RS,DISEÑO,MINVU,SERVIU,MINVU,FINANCIADO,,ENTREGA DISEÑO,10,KM,,,,,,,,,,,,,,,,,,CONSOLIDADO.csv
9a9cc609-322b-4c32-8900-4b516221809d,CELESTE,,Construcción Instituto Rehabilitación Infantil TELETÓN,DIPIR,40045992-0,40045992,474a6bef-e631-4542-b8a6-e33175a41ed3,CHILLAN,,J. OÑATE,RS,EJECUCIÓN,TELETON,MOP - DA,GORE - FNDR,FINANCIADO,14436140.0,INAUGURACIÓN,"3,685",M2,,,,,,,,,,,,,,,,jun-26,,CONSOLIDADO.csv
84b861ad-b120-40f4-a90b-ef002911dfd9,CELESTE,,"Construcción Parque La Rufina, comuna Chillán",DIPLADE,40051768-0,40051768,,CHILLAN,,,RS,DISEÑO,GORE,GORE,GORE - FNDR,NO FINANCIADO,5756720.0,ENTREGA DISEÑO,"152,000",M2,,,,,,,,,,,,,,,,,,CONSOLIDADO.csv
17b743c5-b991-4c5d-a40c-fb801eb4a5de,CELESTE,,"Mejoramiento Diego Portales - Francisco Ramírez, Chillán",SECTORIAL,30278623-0,30278623,,CHILLAN,,,RS,EJECUCIÓN,MINVU,SERVIU,MINVU,FINANCIADO,9269954.0,INAUGURACIÓN,1.9,KM,,,,,,,,,,,,,,,,Por Definir,,CONSOLIDADO.csv
8101c486-07e9-4e3e-b7f9-661792a250fc,CELESTE,,"Construcción Apertura y Pavimentación Libertad Oriente, Nueva Oriente y Nueva 4",DIPLADE,40058448-0,40058448,,CHILLAN,,,EN FORMULACIÓN,DISEÑO,GORE,GORE,GORE - FNDR,NO FINANCIADO,85798.0,ENTREGA DISEÑO,1.15,KM,,,,,,,,,,,,,,,,,,CONSOLIDADO.csv
77088def-0508-44c9-8f27-14c1d7bd075a,CELESTE,,"Mejoramiento aceras Avda Argentina, Chillán",MUNICIPAL,30485661-0,30485661,1cd76291-16c8-478e-ba0f-4b844eb36dfc,CHILLAN,,,RS,EJECUCIÓN,MUNICIPALIDAD,MUNICIPALIDAD,GORE - FNDR,NO FINANCIADO,4647139.0,INAUGURACIÓN,"23,499",M2,,,,,,,,,,,,,,,,nov-28,,CONSOLIDADO.csv
e008b51f-08d5-4f8e-904a-a3483bb56d7d,CELESTE,,"Construcción Escuela de Medicina y Centro de Simulación Clínica UBB Región de
Ñuble",DIPIR,40055832-0,40055832,3742c751-1033-4d94-b634-ab3e6628d970,CHILLAN,,C. JUNGJOHANN,RS,EJECUCIÓN,UBB,UBB,GORE - FNDR,FINANCIADO,13507514.0,INAUGURACIÓN,"4,522",M2,,,,,,,,,,,,,,,,Por Definir,,CONSOLIDADO.csv
f92852e6-72fe-4ae1-b675-968b53855f2f,CELESTE,,Construcción Laboratorios para la carrera de Química y Farmacia – UBB Región de Ñuble,DIPIR,40048997-0,40048997,240c2d23-f81b-437f-bcd5-3aa1d189ba52,CHILLAN,,C. JUNGJOHANN,RS,EJECUCIÓN,UBB,UBB,GORE - FNDR,FINANCIADO,2720930.0,INAUGURACIÓN,"1,340",M2,,,,,,,,,,,,,,,,,,CONSOLIDADO.csv
841e283a-7afc-4a8b-b424-cf0d0d4292c1,CELESTE,,Plan Maestro Ubb,Ñ250,Sin información,,,CHILLAN,PATRICIA SOTO UBB,,IDEA,EJECUCIÓN,UBB,,,,,,,M2,,,,,,,,,,,,,,,,,,CONSOLIDADO.csv
33720a27-a617-4200-8d06-6bda5e643b2d,CELESTE,,"Construcción Parque Schleyer, Chillán",DIPLADE,40031779-0,40031779,668867ad-b698-47e5-8a1c-aa4dadabd89a,CHILLAN,,ANTONIA LEIGTON,RS,DISEÑO,MUNICIPALIDAD,MUNICIPALIDAD,GORE - FNDR,FINANCIADO,3874288.0,ENTREGA DISEÑO,"20,497",M2,,,,,,,,,,,,,,,,Por definir,,CONSOLIDADO.csv
d5bad9e0-f857-4526-bdcb-e03834106263,CELESTE,,"Restauración Capilla Hospital San Juan de Dios, Chillán",SECTORIAL,30103782-0,30103782,bab8563b-c86a-4c08-b056-14b15aa3195b,CHILLAN,,,RE EVALUACIÓN,EJECUCIÓN,MOP - DA,DA MOP,"SUBDERE, SERPAT, GORE - FNDR",NO FINANCIADO,7500.0,INICIO OBRA,"1,277",M2,,,,,,,,,,,,,,,,Por definir,,CONSOLIDADO.csv
9556a160-019a-424e-b0bf-12937f4eb009,CELESTE,,"Normalización Ruta Peatonal Rosauro Acuña, comuna de Chillán",SECTORIAL,40062816-0,40062816,,CHILLAN,,,RE EVALUACIÓN,DISEÑO,MINVU,SERVIU,MINVU,NO FINANCIADO,123284.0,ENTREGA DISEÑO,"2,421",M2,,,,,,,,,,,,,,,,Por definir,,CONSOLIDADO.csv
531cfa67-7a61-422b-a25b-d44d9e636fc9,CELESTE,,"Habilitación Circuito Peatonal y Espacio Público para el adulto mayor Juan Schleyer, Chillán",SECTORIAL,40014362-0,40014362,,CHILLAN,,,RS,DISEÑO,MINVU,SERVIU,MINVU,FINANCIADO,94846.0,ENTREGA DISEÑO,"24,415",M2,,,,,,,,,,,,,,,,Por definir,,CONSOLIDADO.csv
a855f31d-d2d6-447b-a7d9-668f8f878cb8,CELESTE,,Campo Clínico UCSC Chillán,SECTORIAL,Sin información,,,CHILLAN,,,,Ejecución,UCSC,UCSC,UCSC,,15000000.0,INAUGURACIÓN,,M2,,,,,,,,,,,,,,,,Por Definir,,CONSOLIDADO.csv
e9e25a1e-0e34-4401-8185-434d44ec2622,CELESTE,,Plaza de Armas Chillán,MUNICIPAL,4004727-0,,,CHILLAN,,,RS,EJECUCIÓN,MUNICIPALIDAD,MUNICIPALIDAD,OTRA FUENTE,NO FINANCIADO,4549.0,INICIO OBRA,"29,000",M2,,,,,,,,,,,,,,,,Por Definir,,CONSOLIDADO.csv
d9fdbfca-5aac-46dc-b6cd-cff8403a10b9,CELESTE,,"Conservación Edificios Públicos, Chillán",Ñ250,40061807-0,40061807,0245b1dd-eca9-4841-924b-dfcb69c2ad07,CHILLAN,,,EVALUACIÓN GORE,EJECUCIÓN,GORE,GORE,GORE - FNDR,NO FINANCIADO,415000.0,INICIO OBRA,"10,018",M2,,,,,,,,,,,,,,,,Por Definir,,CONSOLIDADO.csv
77730b98-5cc3-4d0a-9835-7e624f60e387,CELESTE,,Reposición Complejo Policial Región de Ñuble,SECTORIAL,40010470-0,40010470,4b4ac725-49b1-410a-bd57-f0805851b24d,CHILLAN,,,RS,EJECUCIÓN,PDI,DA MOP,PDI,FINANCIADO,35416851.0,INICIO OBRA,"11,555",M2,,,,,,,,,,,,,,,,mar-26,,CONSOLIDADO.csv
e3e59e71-953a-4fd6-910e-e248e358b321,CELESTE,VIOLETA,"Construcción Establecimiento de Larga Estadía para Adultos Mayores, comuna de Chillán",SECTORIAL,40053087-0,40053087,,CHILLAN,,,RS,DISEÑO,MINVU,SERVIU,MINVU,FINANCIADO,285794.0,ENTREGA DISEÑO,"2,628",M2,,,,,,,,,,,,,,,,Por Definir,,CONSOLIDADO.csv
ccbb6378-ddad-4146-923e-52296413f8c0,CELESTE,,"MEJORAMIENTO INMUEBLE DE CONSERVACIÓN HISTÓRICA EX CINE O´HIGGINS, COMUNA CHILLÁN",DIPLADE,40057219-0,40057219,,CHILLAN,,,EN FORMULACIÓN,DISEÑO,GORE,GORE,GORE - FNDR,NO FINANCIADO,1161889.0,INICIO OBRA,"1,255",M2,,,,,,,,,,,,,,,,,,CONSOLIDADO.csv
a17e017a-8e97-4abf-a51a-dcd1619186b4,CELESTE,,"Normalización Ruta Peatonal Segura, Chillán",SECTORIAL,40053030-0,40053030,,CHILLAN,,,RS,DISEÑO,MINVU,SERVIU,MINVU,NO FINANCIADO,172524.0,ENTREGA DISEÑO,"4,750",M2,,,,,,,,,,,,,,,,Por definir,,CONSOLIDADO.csv
d692f191-2d61-42f0-b520-446da9e052bb,CELESTE,,"Eje Cívico Libertad, Chillán",Ñ250,Sin información,,,CHILLAN,,,IDEA,EJECUCIÓN,,,GORE - FRIL,NO FINANCIADO,,,,,,,,,,,,,,,,,,,,Por Definir,,CONSOLIDADO.csv
edec31f9-575a-440f-a815-d426c74059ce,CELESTE,,"Mejoramiento Sector Moteras, Chillán",Ñ250,Sin información,,,CHILLAN,,,IDEA,EJECUCIÓN,,,GORE - FRIL,NO FINANCIADO,,,,,,,,,,,,,,,,,,,,Por Definir,,CONSOLIDADO.csv
27067df7-7662-400c-b5ea-d8f04497a686,CELESTE,,"MEJORAMIENTO PLAZA PEDRO LAGOS MARCHANT, COMUNA DE CHILLAN",DIPIR,30485752-0,30485752,2d8b56d0-0aa3-4682-8946-9d9cd2058bcb,CHILLAN,,P. TRONCOSO,RS,EJECUCIÓN,MUNICIPALIDAD,MUNICIPALIDAD,GORE - FNDR,FINANCIADO,1986206.0,INAUGURACIÓN,"17,400",M2,,,,,,,,,,,,,,,,Por Definir,,CONSOLIDADO.csv
d22f6637-f2fa-4943-962e-3845e4ebc98d,CELESTE,,"MEJORAMIENTO PATIO ISABEL RIQUELME, MERCADO MUNICIPAL DE CHILLÁN",DIPIR,40047341-0,40047341,4dd704c8-b77f-4778-9cfd-ea678e571835,CHILLAN,,P. TRONCOSO,RS,EJECUCIÓN,MUNICIPALIDAD,MUNICIPALIDAD,GORE - FNDR,FINANCIADO,3473611.0,INAUGURACIÓN,"2,618",M2,,,,,,,,,,,,,,,,Por Definir,,CONSOLIDADO.csv
375cf3a4-1512-4c13-82a0-74ac88d7b05f,CELESTE,,MEJORAMIENTO CATEDRAL CHILLÁN,Ñ250,Sin información,,,CHILLAN,,,IDEA,EJECUCIÓN,,,,,,,,,,,,,,,,,,,,,,,,,,CONSOLIDADO.csv
d4cd77f2-217b-4a02-870d-6c14eb9a67db,ROJO,,CONVENIO DE PROGRAMACIÓN “INFRAESTRUCTURA ESTRATÉGICA PARA LA CONECTIVIDAD LOCAL REGIÓN DE ÑUBLE” (AÑO 2025),DIT,Sin información,,,CHILLAN,,Nicolas Lara,RS,EJECUCIÓN,MOP - VIALIDAD,MOP - VIALIDAD,"MOP - VIALIDAD, GORE",FINANCIADO,5275126.0,INAUGURACIÓN,221.56,KM,,,,,,,,,,,,,,,,"221,56 KM TERMINADOS",,CONSOLIDADO.csv
1e432a2a-28b5-4cf3-b8b8-ce6081ccb9c4,ROJO,,CONVENIO DE PROGRAMACIÓN “INFRAESTRUCTURA ESTRATÉGICA PARA LA CONECTIVIDAD LOCAL REGIÓN DE ÑUBLE” (AÑO 2026),DIT,Sin información,,,,,Nicolas Lara,,EJECUCIÓN,MOP - VIALIDAD,MOP - VIALIDAD,"MOP - VIALIDAD, GORE",FINANCIADO,12730437.0,INAUGURACIÓN,110.86,KM,,,,,,,,,,,,,,,,"110,86 KM TERMINADOS",,CONSOLIDADO.csv
54c94a79-4d09-4e17-b3ec-88c1fbc37a21,ROJO,,CONVENIO DE PROGRAMACIÓN “INFRAESTRUCTURA ESTRATÉGICA PARA LA CONECTIVIDAD LOCAL REGIÓN DE ÑUBLE” (AÑO 2027),DIT,Sin información,,,,,Nicolas Lara,,EJECUCIÓN,MOP - VIALIDAD,MOP - VIALIDAD,"MOP - VIALIDAD, GORE",FINANCIADO,27845000.0,INICIO OBRA,115.24,KM,,,,,,,,,,,,,,,,"115,24 KM TERMINADOS",,CONSOLIDADO.csv
ea353c7d-dba6-45f0-92b8-d028e4a95a25,ROJO,,MEJORAMIENTO RUTA INTERCOMUNAL DE SECANO INTERIOR DE ÑUBLE - ETAPA I - NINHUE PORTEZUELO,SECTORIAL,40025508-0,40025508,,"NINHUE, PORTEZUELO",,,RS,EJECUCIÓN,MOP - VIALIDAD,MOP - VIALIDAD,MOP - VIALIDAD,FINANCIADO,,INAUGURACIÓN,35,KM,,,,,,,,,,,,,,,,,,CONSOLIDADO.csv
cf51a449-7c5b-4922-92f3-8802c16dd743,ROJO,CELESTE,ESTUDIO TRANVIA PLAN INFRAESTRUCTURA,DIT,Sin información,,,"CHILLAN, CHILLÁN VIEJO",,,,,,,,,,,,DINERO,,,,,,,,,,,,,,,,,,CONSOLIDADO.csv
9c612765-77d0-47b2-893c-a5ce88351a17,ROJO,,"MEJORAMIENTO RUTA N-66-O SAN IGNACIO DE PALOMARES - RAFAEL, ÑUBLE",SECTORIAL,30451323-0,30451323,,RANQUIL,,,RS,EJECUCIÓN,MOP - VIALIDAD,MOP - VIALIDAD,MOP - VIALIDAD,FINANCIADO,,INICIO OBRA,17,KM,,,,,,,,,,,,,,,,,,CONSOLIDADO.csv
e4f8f21f-1d55-44e4-8e30-b9ea1a7b1981,ROJO,,ESTUDIO DE PREFACTIBILIDAD ACCESO NORTE CHILLÁN-CONCEPCIÓN,SECTORIAL,40059754-0,40059754,,"CHILLAN, CHILLÁN VIEJO",,,RS,PREFACTIBILIDAD,,,,FINANCIADO,,RESULTADO,,,,,,,,,,,,,,,,,,,,CONSOLIDADO.csv
d8aba410-3252-4514-b07b-4230715ae561,ROJO,,PLAN DE CONECTIVIDAD DIGITAL,DIT,Sin información,,,,,Ricardo Pavez,,,,,,,,,,,,,,,,,,,,,,,,,,,,CONSOLIDADO.csv
f01177e7-4051-4335-aeb8-d0560a021905,ROJO,,PLAN MAS MOVILIDAD (CON SECTRA),DIT,Sin información,,,,,Cristian Haquin,,,,,,,,,,,,,,,,,,,,,,,,,,,,CONSOLIDADO.csv
cedf4401-c083-4533-904c-5286d7e92539,BLANCO,ROJO,TRANSFERENCIA FONDO DE DESARROLLO DE LAS TELECOMUNICACIONES FIBRA OPTICA ÑUBLE - ÚLTIMA MILLA,DIT,40033167-0,40033167,6a047af2-5811-457a-a81c-e77cd8019fe8,,,Cristian Haquin,RS,EJECUCIÓN,GORE,SUBSECRETARIA DE TELECOMUNICACIONES,GORE - FNDR,FINANCIADO,8201347.0,INAGURACIÓN,591,KM,,,,,,,,,,,,,,,,TRONCAL,,CONSOLIDADO.csv
8f4201e9-7058-4c8a-abec-98cbea4744de,CAFÉ,,"PILOTOS EN PROCESOS LOGÍSTICOS PARA LA TRANSFERENCIA DE UN HUB
LOGISTICO 2.0 (siguiente etapa)",DIFOI,Sin información,,,CHILLÁN VIEJO,,Carmen Navarrete,RS,EJECUCIÓN,,,,NO FINANCIADO,,,,,,,,,,,,,,,,,,,,Definir siguiente paso,,CONSOLIDADO.csv
64c12aba-ed70-409b-af8b-5afb99a19471,CAFÉ,,"TRANSFERENCIA FORTALECIMIENTO Y ATRACCIÓN DE INVERSIONES PRODUCTIVAS
DE BASE TECNOLOGIA - IFI  M",DIFOI,40021028-0,40021028,670f4fae-9658-439d-9303-4c3cd2ff2e3c,,,Elias Jara,,EJECUCIÓN,,,,FINANCIADO,3774641.0,,,,,,,,,,,,,,,,,,,Inauguración de Plantas,,CONSOLIDADO.csv
ea6b319e-5e8e-4802-86c6-5b0ff92d0f17,CAFÉ,,"TRANSFERENCIA REACTIVACIÓN Y 
TRANSFORMACIÓN ECONÓMICA DE LAS MI PYMES DE LA REGIÓN DE ÑUBLE",DIFOI,40048669-0,40048669,56492527-bef6-40d7-a6bf-802bdb9a5d63,,,Abraham Aburto,,EJECUCIÓN,,,,FINANCIADO,14798058.0,,,,,,,,,,,,,,,,,,,,,CONSOLIDADO.csv
07a0790f-77ef-4cea-ae27-5f94d7ea0234,CAFÉ,,INDUSTRIALIZACIÓN DE LA MADERA (DIT),DIT,Sin información,,,,,Yesmin Aravena,,,,,,,,,,,,,,,,,,,,,,,,,,,,CONSOLIDADO.csv
acadd73c-ec2d-45e2-9135-0c6ddb6585bb,CAFÉ,,CONSTRUCCION NUEVO ACCESO NORTE FERROVIARIO A CONCEPCION,DIPLADE,40059754-0,40059754,,CHILLÁN VIEJO,,,RS,PREFACTIBILIDAD,,,,FINANCIADO,,RESULTADO,,DINERO,,,,,,,,,,,,,,,,,,CONSOLIDADO.csv
26dc3899-73df-4d54-a82f-f41c8f237b7d,CAFÉ,,BARRIOS COMERCIALES SERCOTEC,DIFOI,Sin información,,,"CHILLAN, SAN FABIÁN, SAN NICOLAS",,Elias Jara,RS,EJECUCIÓN,,,,FINANCIADO,,,,,,,,,,,,,,,,,,,,,,CONSOLIDADO.csv
61a7805e-aca9-4f71-b9ea-5851a57b8577,CAFÉ,,LABORATORIO DE VINO CERTIFICAR VINOS SELLO DE CALIDAD,DIFOI,Sin información,,,,,Demy Olmos,,,,,,FINANCIADO,,,,,,,,,,,,,,,,,,,,,,CONSOLIDADO.csv
510b8459-5841-437c-97a1-c84bde8cde60,CAFÉ,,PER - ENTREGA DE HOJA DE RUTA CORFO,DIFOI,Sin información,,,,,Abraham Aburto,,,,,,FINANCIADO,,,,,,,,,,,,,,,,,,,,,,CONSOLIDADO.csv
d705dd54-8e4d-4380-a4e5-544d1f9e4282,NARANJA,,TRANSFERENCIA IMPULSO A LA ELECTROMOVILIDAD EN LA REGIÓN DE ÑUBLE (MI TAXI ELECTRICO + DESPLIEGUE INFRA CARGA PÚBLICA+CAPACITACIÓN),DIT,40074685-0,40074685,,"CHILLAN, CHILLÁN VIEJO, BULNES, SAN CARLOS",,Ricardo Pavez,,EJECUCIÓN,,,,FINANCIADO,2576578.0,,,,,,,,,,,,,,,,,,,VEHICULOS ADQUIRIDOS,,CONSOLIDADO.csv
c4c4df81-1d6d-4557-a050-7a6a2075d4b4,NARANJA,,RENUEVA TU MICRO (INCENTIVO A BUSES ELECTRICOS),DIT,Sin información,,,BULNES,,Cristian Haquin,,,,,,,,,,,,,,,,,,,,,,,,,,MICROS POR AÑO,,CONSOLIDADO.csv
1c55b68c-f825-4350-bfba-f250bf40d0cf,NARANJA,,PRE FACTIBILIDAD ELECTRO TERMINAL,DIT,Sin información,,,"CHILLÁN VIEJO, CHILLAN",,Cristian Haquin,,,,,,,,,,,,,,,,,,,,,,,,,,PRE FACTIBILIDAD,,CONSOLIDADO.csv
7f4fc19d-7970-4ecf-927d-91de0e03ef70,NARANJA,,CARTERA FAR,DIT,Sin información,,,"CHILLÁN VIEJO, CHILLAN",,Cristian Haquin,,,,,,NO FINANCIADO,,,,,,,,,,,,,,,,,,,,HITO ENTREGA DE ESTUDIO,,CONSOLIDADO.csv
e0d3ec87-742a-4859-8ef0-6cb4243a94cc,NARANJA,,BICICLETAS ELECTRICAS (ESTUDIO),DIPLADE,Sin información,,,"CHILLÁN VIEJO, CHILLAN",,,EN FORMULACIÓN,PREFACTIBILIDAD,,,GORE - FNDR,NO FINANCIADO,,,,,,,,,,,,,,,,,,,,,,CONSOLIDADO.csv
9b2b53ae-0026-467d-aeb2-4a3193d74a52,NARANJA,,PROGRAMA DE ADAPTACIÓN DE LA BICICLETA,DIT,Sin información,,,,,Cristian Haquin,EN FORMULACIÓN,EJECUCIÓN,,,,,,,,,,,,,,,,,,,,,,,,,,CONSOLIDADO.csv
ec42539a-1cb9-4804-af3a-ced69592deb1,VERDE,,INVERSIÓN TECNOLÓGICA EN PRODUCCIÓN LIMPIA (PANADEROS),DIFOI,40050712-0,40050712,6a7d4d9d-6562-4e68-b18f-499571f2ea97,,,Carolina Rodriguez,,EJECUCIÓN,CORFO,CORFO,GORE - FNDR,FINANCIADO,256139.0,INAUGURACIÓN,,,,,,,,,,,,,,,,,,INAGURACIÓN,,CONSOLIDADO.csv
fd4db97a-56de-4a5e-a851-b24632da3bd4,VERDE,,"TRANSFERENCIA FRUTICULTURA SOSTENIBLE Y RESILIENTE AL CAMBIO CLIMATICO PARA LA
REGION DE ÑUBLE",DIFOI,40048139-0,40048139,20db71a3-8488-428a-a2da-f03517b89f64,,,Demy Olmos,,EJECUCIÓN,INIA ÑUBLE,INIA ÑUBLE,GORE - FNDR,FINANCIADO,2693780.0,,,,,,,,,,,,,,,,,,,POR DEFINIR,,CONSOLIDADO.csv
1a5e0791-a3cb-459c-9080-6604095cfccb,VERDE,,TRANSFERENCIA PROGRAMA APL VALLE DEL ITATA DESARROLLO VITIVINICOLA SUSTENTABLE,DIFOI,40032465-0,40032465,452eab45-4be2-438a-ae92-be00f7d73a29,,,Carolina Rodriguez,,EJECUCIÓN,CORFO,CORFO,GORE - FNDR,FINANCIADO,45393.0,,,,,,,,,,,,,,,,,,,POR DEFINIR,,CONSOLIDADO.csv
d56f6975-97d7-41cf-a34c-8d8d9a9ba9a2,VERDE,,CONVENIO CON CORFO (DIFOI),DIFOI,Sin información,,,,,Carmen (Jefa),,EJECUCIÓN,CORFO,CORFO,GORE - FNDR,FINANCIADO,,,,,,,,,,,,,,,,,,,,POR DEFINIR,,CONSOLIDADO.csv
c683e7b4-3e4d-4f90-b4da-589d42fee001,VERDE,,RECONVERTIR EDIFICIOS PUBLICOS A ENERGIA FOTOVOLTAICA (DIPLADE),Ñ250,Sin información,,,CHILLAN,,,IDEA,EJECUCIÓN,GORE,GORE,GORE - FNDR,NO FINANCIADO,,INAGURACIÓN,,,,,,,,,,,,,,,,,,,,CONSOLIDADO.csv
df864f93-5d8f-4d29-844f-14b1748591c3,VERDE,CAFÉ,FLORA MIELIFERA,DIFOI,Sin información,,,,,Héctor Basualto,,,,,,FINANCIADO,,,,,,,,,,,,,,,,,,,,,,CONSOLIDADO.csv
4d4d166a-27c2-453a-a34f-3e7762307441,VIOLETA,,CONSTRUCCION CANCHA CENTRO RECREATIVO MUNICIPAL JOSÉ PEDRO HADI COMUNA DE QUIRIHUE,DIDESOH,40047232-0,40047232,3174e0ca-478a-4c86-8881-b0b4a15bb524,QUIRIHUE,,,,EJECUCIÓN,MUNICIPALIDAD,MUNICIPALIDAD,GORE - FNDR,FINANCIADO,409657.0,INAUGURACIÓN,4.6780,M2,,,,,,,,,,,,,,,,Inauguración,,CONSOLIDADO.csv
7425a4d5-b05e-4bcd-8791-496a40e2963c,VIOLETA,,"CONSTRUCCION CANCHA DE FUTBOL EN PASTO SINTETICO ANFA, VILLA EL PROGRESO, COMUNA DE BULNES",DIDESOH,40048490-0,40048490,9b5714fc-8661-472d-bed5-239b011ce65a,BULNES,,,,EJECUCIÓN,MUNICIPALIDAD,MUNICIPALIDAD,GORE - FNDR,FINANCIADO,409818.0,INAUGURACIÓN,"5,664",M2,,,,,,,,,,,,,,,,Inauguración,,CONSOLIDADO.csv
3a2193b6-d4ed-465e-b931-3eabc12b8c98,VIOLETA,,CONSTRUCCION CANCHA DE FUTBOL SECTOR GENERAL CRUZ COMUNA DE PEMUCO,DIDESOH,40048158-0,40048158,6c7c2060-c697-4154-ac53-25904a2a0e0a,PEMUCO,,,,EJECUCIÓN,MUNICIPALIDAD,MUNICIPALIDAD,GORE - FNDR,FINANCIADO,409720.0,INAUGURACIÓN,"6,468",M2,,,,,,,,,,,,,,,,Inauguración,,CONSOLIDADO.csv
dd10888c-1c75-408a-a186-6f21fa00cfdb,VIOLETA,,"CONSTRUCCION CANCHA DE FUTBOL SECTOR LAJUELAS, COMUNA DE SAN NICOLÁS",DIDESOH,40038617-0,40038617,884e5af8-de2d-4bc1-b68d-63ddf2b7cff5,SAN NICOLAS,,,,EJECUCIÓN,MUNICIPALIDAD,MUNICIPALIDAD,GORE - FNDR,FINANCIADO,469671.0,INAUGURACIÓN,"5,225",M2,,,,,,,,,,,,,,,,Inauguración,,CONSOLIDADO.csv
36fa6322-d615-4caf-b0fb-2de38225b3af,VIOLETA,,"CONSTRUCCION CANCHA DE FUTBOL SECTOR LAS ARBOLEDAS, SAN CARLOS",DIDESOH,40047370-0,40047370,8a35062a-8bf0-4b43-a669-6d07d8fb7b6d,SAN CARLOS,,,,EJECUCIÓN,MUNICIPALIDAD,MUNICIPALIDAD,GORE - FNDR,FINANCIADO,409574.0,INAUGURACIÓN,"6,534",M2,,,,,,,,,,,,,,,,Inauguración,,CONSOLIDADO.csv
aede6cd9-4a01-4ce8-a63a-84fb077924bc,VIOLETA,,"CONSTRUCCION CANCHA DE FUTBOL, SAN IGNACIO PALOMARES COMUNA DE RÁNQUIL",DIDESOH,40048087-0,40048087,52e7895b-743b-4c45-8c5d-fa8a524698f7,RANQUIL,,,,EJECUCIÓN,MUNICIPALIDAD,MUNICIPALIDAD,GORE - FNDR,FINANCIADO,393878.0,INAUGURACIÓN,"6,336",M2,,,,,,,,,,,,,,,,Inauguración,,CONSOLIDADO.csv
217f8772-2ecc-4f58-b090-3b995a0ce309,VIOLETA,,"CONSTRUCCION CANCHA DE FUTBOL, SECTOR HUALTE, COMUNA DE NINHUE",DIDESOH,40059771-0,40059771,9934891a-8a05-4768-8ce4-fc18fdbdf72c,NINHUE,,,,DISEÑO,MUNICIPALIDAD,MUNICIPALIDAD,GORE - FNDR,FINANCIADO,31000.0,INAUGURACIÓN,"4,704",M2,,,,,,,,,,,,,,,,Término Diseño,,CONSOLIDADO.csv
8d8d9a00-2d23-4163-9daf-00a328bed299,VIOLETA,,"CONSTRUCCION CANCHA DE PASTO SINTETICO MARIANO EGAÑA, CHILLAN VIEJO",DIDESOH,40048786-0,40048786,567732c7-2348-4448-8b4a-d4c683221f54,CHILLÁN VIEJO,,,,EJECUCIÓN,MUNICIPALIDAD,MUNICIPALIDAD,GORE - FNDR,FINANCIADO,409818.0,INAUGURACIÓN,"5,856",M2,,,,,,,,,,,,,,,,Inauguración,,CONSOLIDADO.csv
82ff89a8-dec7-4670-b84e-648e27a8b076,VIOLETA,,"CONSTRUCCION CANCHA DE PASTO SINTETICO PARQUE SUR, COMUNA DE EL CARMEN",DIDESOH,40049932-0,40049932,20f1913e-a39a-4aed-83b7-20d7c79b2871,EL CARMEN,,,,EJECUCIÓN,MUNICIPALIDAD,MUNICIPALIDAD,GORE - FNDR,FINANCIADO,409816.0,INAUGURACIÓN,"6,175",M2,,,,,,,,,,,,,,,,Inauguración,,CONSOLIDADO.csv
96fe256c-ac4d-4620-beec-16e9fb70fe85,VIOLETA,,"CONSTRUCCION CANCHA DE PASTO SINTETICO SECTOR LLAHUEN, COMUNA DE PORTEZUELO",DIDESOH,40049625-0,40049625,0a9b7c69-eaf2-4345-9dfb-4465e0ff3f2a,PORTEZUELO,,,,EJECUCIÓN,MUNICIPALIDAD,MUNICIPALIDAD,GORE - FNDR,FINANCIADO,451102.0,INAUGURACIÓN,"4,606",M2,,,,,,,,,,,,,,,,Inauguración,,CONSOLIDADO.csv
c223a002-091e-4cee-b8e3-cc505849eb2f,VIOLETA,,"CONSTRUCCION CANCHA PASTO SINTETICO CLUB DEPORTIVO UNION, ANFA, CHILLAN",DIDESOH,40047896-0,40047896,ed7cb982-cf58-4e3e-8c40-b384a608ddf1,CHILLAN,,,,EJECUCIÓN,MUNICIPALIDAD,MUNICIPALIDAD,GORE - FNDR,FINANCIADO,453826.0,INAUGURACIÓN,"6,705",,,,,,,,,,,,,,,,,Inauguración,,CONSOLIDADO.csv
0bedb377-595e-4d8e-9e14-2949839f3295,VIOLETA,,"CONSTRUCCION CANCHA PASTO SINTÉTICO Y CIERRE PERIMETRAL SECTOR ÑIQUÉN ESTACIÓN, ÑIQUÉN",DIDESOH,40049560-0,40049560,131b01b6-a446-4da4-bdfe-f599c36b6139,ÑIQUÉN,,,,EJECUCIÓN,MUNICIPALIDAD,MUNICIPALIDAD,GORE - FNDR,FINANCIADO,409819.0,INAUGURACIÓN,"6,534",,,,,,,,,,,,,,,,,Inauguración,,CONSOLIDADO.csv
9d39cdcb-6fb4-4f5d-869b-5ba4578b0313,VIOLETA,,"CONSTRUCCION CANCHA PASTO SINTÉTICO Y CIERRE PERIMETRAL SECTOR PULLAY, COMUNA DE COBQUECURA",DIDESOH,40049545-0,40049545,82b68827-7529-41e5-9fbb-b4becc07d11e,COBQUECURA,,,,EJECUCIÓN,MUNICIPALIDAD,MUNICIPALIDAD,GORE - FNDR,FINANCIADO,409256.0,INAUGURACIÓN,"5,320",,,,,,,,,,,,,,,,,Inauguración,,CONSOLIDADO.csv
e6c9bc7a-14ab-4430-8ab7-71c7e4c511ee,VIOLETA,,"CONSTRUCCION CANCHA PASTO SINTÉTICO Y CIERRE PERIMETRAL, CERRO NEGRO, COMUNA DE QUILLÓN",DIDESOH,40047722-0,40047722,c655bdce-a932-4281-8811-ed4d42a57d8b,QUILLÓN,,,,EJECUCIÓN,MUNICIPALIDAD,MUNICIPALIDAD,GORE - FNDR,FINANCIADO,409781.0,INAUGURACIÓN,"7,420",,,,,,,,,,,,,,,,,Inauguración,,CONSOLIDADO.csv
512e393d-960d-49e9-a038-57af45e4c89c,VIOLETA,,"CONSTRUCCION CANCHA PASTO SINTÉTICO Y CIERRE PERIMETRAL, SECTOR COYANCO, COMUNA DE NINHUE.",DIDESOH,40045787-0,40045787,ffb72a84-a666-4b4b-8456-8198794ca222,NINHUE,,,,EJECUCIÓN,MUNICIPALIDAD,MUNICIPALIDAD,GORE - FNDR,FINANCIADO,409663.0,INAUGURACIÓN,"6,032",,,,,,,,,,,,,,,,,Inauguración,,CONSOLIDADO.csv
dbf47c1f-f63a-4c7d-aa41-93f58dcdc44c,VIOLETA,,"CONSTRUCCION CANCHA PASTO SINTETICO, SECTOR EL RINCON, COMUNA DE NINHUE",DIDESOH,40052652-0,40052652,ff03783b-6cbd-461a-b952-56932bed9630,NINHUE,,,,DISEÑO,MUNICIPALIDAD,MUNICIPALIDAD,GORE - FNDR,FINANCIADO,30527.0,INAUGURACIÓN,"5,625",,,,,,,,,,,,,,,,,Término Diseño,,CONSOLIDADO.csv
34c2dad4-baa6-43f1-81f8-69b3718409a4,VIOLETA,,"CONSTRUCCION CARPETA PASTO SINTETICO Y CIERRE PERIMETRAL CANCHA DE RECINTO, COMUNA DE PINTO",DIDESOH,30480687-0,30480687,d641c21a-f4fb-4e85-a9c7-92412a759ac0,PINTO,,,,EJECUCIÓN,MUNICIPALIDAD,MUNICIPALIDAD,GORE - FNDR,FINANCIADO,414159.0,INAUGURACIÓN,"5,225",,,,,,,,,,,,,,,,,Inauguración,,CONSOLIDADO.csv
a8de4414-875a-43f1-8698-cbd2339a0c63,VIOLETA,,"CONSTRUCCION DE CANCHA PASTO SINTETICO Y CIERRE PERIMETRAL, SECTOR GUARILIHUE, COELEMU",DIDESOH,40045061-0,40045061,9d1e0a7f-fe0c-4ce2-9e24-726dfd158fbd,COELEMU,,,,EJECUCIÓN,MUNICIPALIDAD,MUNICIPALIDAD,GORE - FNDR,FINANCIADO,409315.0,INAUGURACIÓN,"6,397",,,,,,,,,,,,,,,,,Inauguración,,CONSOLIDADO.csv
7165dac5-de42-46b0-b8df-a29de212d48f,VIOLETA,,"REPOSICION CANCHA DE FUTBOL CALLE ALEGRE, COMUNA DE SAN IGNACIO",DIDESOH,40049475-0,40049475,fe797508-05cc-4bb9-848d-56877a99d5f6,SAN IGNACIO,,,,EJECUCIÓN,MUNICIPALIDAD,MUNICIPALIDAD,GORE - FNDR,FINANCIADO,409819.0,INAUGURACIÓN,"6,267",,,,,,,,,,,,,,,,,Inauguración,,CONSOLIDADO.csv
11b6dc84-063c-4374-bbe6-bd4a73f12e66,VIOLETA,,"REPOSICION CANCHA DE FUTBOL TALQUIPEN, COMUNA DE COIHUECO",DIDESOH,40045447-0,40045447,9e1492ff-b411-4013-80ca-1bab1d4c7601,COIHUECO,,,,EJECUCIÓN,MUNICIPALIDAD,MUNICIPALIDAD,GORE - FNDR,FINANCIADO,409819.0,INAUGURACIÓN,,,,,,,,,,,,,,,,,,Inauguración,,CONSOLIDADO.csv
1fc82953-73ff-4966-b8de-d79ce5804a44,VIOLETA,,"CONSTRUCCION CANCHA  DE PASTO SINTETICO PASO ANCHO, COMUNA DE SAN FABIAN",DIDESOH,40049459-0,40049459,a192d7c4-ad03-4c6c-8d4c-5c9fceacab12,SAN FABIAN,,,,,,MUNICIPALIDAD,GORE - FNDR,FINANCIADO,409.668,INAUGURACIÓN,,,,,,,,,,,,,,,,,,,,CONSOLIDADO.csv
868a3ddf-871a-4b03-84d5-a10ed035821a,VIOLETA,,CONSTRUCCIÓN COMPLEJO DEPORTIVO FEDERICO PUGA,SECTORIAL,40066394-0,40066394,,CHILLAN,,,EN FORMULACIÓN,DISEÑO,MUNICIPALIDAD,MUNICIPALIDAD,GORE - FNDR,NO FINANCIADO,1500000.0,ENTREGA DISEÑO,"12,435",M2,,,,,,,,,,,,,,,,Por Definir,,CONSOLIDADO.csv
bc646d42-2bb1-4046-b7e1-caaddf26650f,VIOLETA,,REPOSICION CENTRO DE SALUD FAMILIAR SAN FABIAN DE ALICO,DIPLADE,30202824-0,30202824,2a7794b5-3c58-45b0-8227-c95f098544c4,SAN FABIÁN,,,EN FORMULACIÓN,EJECUCIÓN,MUNICIPALIDAD,,GORE - FNDR,NO FINANCIADO,5439519.0,INAUGURACIÓN,"1,510.0",M2,,,,,,,,,,,,,,,,,,CONSOLIDADO.csv
2fc6e797-cb9d-4c66-9eb4-fb927c0c7d4d,VIOLETA,,"REPOSICION CENTRO DE SALUD FAMILIAR, COMUNA DE PINTO",DIPLADE,40010038-0,40010038,8abff70e-8232-46ec-8bb9-95cc4ae3c8a3,PINTO,,,RS,EJECUCIÓN,MUNICIPALIDAD,,GORE - FNDR,FINANCIADO,7485805.0,INAGURACIÓN,"1,766",M2,,,,,,,,,,,,,,,,,,CONSOLIDADO.csv
ca4ada86-861c-496e-83fb-68a37abb8872,VIOLETA,,"REPOSICION CESFAM FEDERICO PUGA BORNE, CHILLAN VIEJO",DIPLADE,30119286-0,30119286,9677efc6-a94c-4248-88d5-c7912d805c4a,CHILLÁN VIEJO,,,RS,EJECUCIÓN,MUNICIPALIDAD,,GORE - FNDR,FINANCIADO,8810573.0,INAGURACIÓN,"2,669",M2,,,,,,,,,,,,,,,,,,CONSOLIDADO.csv
8898aa21-c21a-4a40-8993-27ceaf3d4d6c,VIOLETA,,"REPOSICION CON RELOCALIZACION CESFAM DE SANTA CLARA, BULNES",DIPLADE,30133087-0,30133087,04d365b4-291f-41ca-9123-4abad0b56f21,BULNES,,,RS,DISEÑO,MUNICIPALIDAD,,GORE - FNDR,FINANCIADO,102064.0,ENTREGA DISEÑO,"1,469",M2,,,,,,,,,,,,,,,,,,CONSOLIDADO.csv
4fe97ecb-c6a7-4ecc-b3f5-f672e2f5ca25,VIOLETA,,CONSERVACION HOSPITAL HERMINDA MARTÍN DE CHILLÁN,DIPLADE,40026156-0,40026156,494fc16d-4a37-4f55-91b0-a468f3feb754,CHILLAN,,,RE EVALUACIÓN,EJECUCIÓN,GORE,SSÑ,GORE - FNDR,FINANCIADO,813791.0,INAGURACIÓN,"9,212",M2,,,,,,,,,,,,,,,,,,CONSOLIDADO.csv
a49fb790-3e5a-405f-8a92-b7a26efba3fc,VIOLETA,,REPOSICIÓN CESFAM DE SAN GREGORIO COMUNA DE ÑIQUÉN,DIPLADE,40001573-0,40001573,88822758-f6d6-4a2d-a0c0-2305aa2b42e0,ÑIQUÉN,,,,EJECUCIÓN,SSÑ,SSÑ,SSÑ,NO FINANCIADO,5543404.0,INAGURACIÓN,,,,,,,,,,,,,,,,,,,,CONSOLIDADO.csv
8ff6f5ee-b578-4542-9640-0ac4926e948e,VIOLETA,,REPOSICION CENTRO DE SALUD FAMILIAR Y SAR D. TRUJILLO SAN CARLOS,DIPLADE,30095442-0,30095442,,SAN CARLOS,,,RS,EJECUCIÓN,SSÑ,SSÑ,SSÑ,FINANCIADO,12369681.0,INAGURACIÓN,"3,077",M2,,,,,,,,,,,,,,,,,,CONSOLIDADO.csv
9743b016-502d-47d3-aba8-f96cc99a342b,VIOLETA,,REPOSICION CENTRO DE SALUD FAMILIAR Y SAR ULTRAESTACIÓN CHILLAN,DIPLADE,30096105-0,30096105,,CHILLAN,,,,EJECUCIÓN,SSÑ,SSÑ,SSÑ,,457579.0,INAGURACIÓN,,,,,,,,,,,,,,,,,,,,CONSOLIDADO.csv
ee6576ba-286c-406a-86e0-9c16f028775e,VIOLETA,,"REPOSICION CENTRO DE SALUD FAMILIAR, COMUNA DE PORTEZUELO",DIPLADE,30480963-0,30480963,8183e322-9307-4973-a326-76fda30ec750,PORTEZUELO,,,RS,EJECUCIÓN,SSÑ,SSÑ,SSÑ,FINANCIADO,5464437.0,INAGURACIÓN,"1,362",M2,,,,,,,,,,,,,,,,,,CONSOLIDADO.csv
f9ba0cfe-a4a6-4fb7-b660-4171526774f9,VIOLETA,,CONSTRUCCIÓN CENTRO DE SALUD MENTAL CORDILLERA COMUNA DE COIHUECO,DIPLADE,40046956-0,40046956,,COIHUECO,,,RS,EJECUCIÓN,SSÑ,SSÑ,SSÑ,FINANCIADO,4935347.0,INAGURACIÓN,"1,374",,,,,,,,,,,,,,,,,,,CONSOLIDADO.csv
1b9cc122-7c1e-4780-ac31-f54f62de134b,VIOLETA,,"REPOSICION CENTRO DE SALUD FAMILIAR, DE ÑIPAS COMUNA DE RANQUIL",DIPLADE,40027039-0,40027039,88e6e790-52fb-4efc-9eac-48b8bec41af8,RANQUIL,,,EN FORMULACIÓN,EJECUCIÓN,SSÑ,SSÑ,MINSAL,NO FINANCIADO,6000000.0,INAGURACIÓN,,,,,,,,,,,,,,,,,,,,CONSOLIDADO.csv
9d02aa86-b100-4327-a87e-953144f32ec5,VIOLETA,,REPOSICIÓN POSTAS RED DE ATENCION PRIMARIA SSÑ,DIPLADE,Sin información,,,,,,,EJECUCIÓN,,,,NO FINANCIADO,4000000.0,INAGURACIÓN,,,,,,,,,,,,,,,,,,,,CONSOLIDADO.csv
fdca2639-1cde-4d7c-b09e-c5197962fdd5,VIOLETA,,PREFACTIBILIDADES HOSPITALES (5 HOSPITALES),DIPLADE,Sin información,,,"BULNES, COELEMU, EL CARMEN, YUNGAY, QUIRIHUE",,,RS,PREFACTIBILIDAD,,,GORE - FNDR,FINANCIADO,,RESULTADO,,,,,,,,,,,,,,,,,,,,CONSOLIDADO.csv
a53f5137-f0e7-48ae-a6bf-7eae0799eee1,VIOLETA,,REPOSICION CUARTEL CUERPO DE BOMBEROS DE LA COMUNA DE TREHUACO,DIPIR,40029660-0,40029660,87cd09cc-8afe-4889-8317-dc8af5d51671,TREHUACO,,E. DOMINGUEZ,RS,EJECUCIÓN,MUNICIPALIDAD,,GORE - FNDR,FINANCIADO,1794654.0,INAUGURACIÓN,640,M2,,,,,,,,,,,,,,,,,,CONSOLIDADO.csv
855bdd29-9cb2-4190-8f7f-7cbb0289e6fe,VIOLETA,,REPOSICION CUARTEL DE BOMBEROS 5° COMPAÑIA DE CHILLAN,DIT,40013760-0,40013760,25799589-5f21-4f8f-aab6-bafa8f430210,CHILLAN,,Nicolas Lara,RS,EJECUCIÓN,,,GORE - FNDR,FINANCIADO,1739723.0,INAGURACIÓN,623,M2,,,,,,,,,,,,,,,,,,CONSOLIDADO.csv
4e5fe129-778d-462c-bad5-3ae399ed9483,VIOLETA,,REPOSICION CUARTEL DE BOMBEROS COMUNA DE NINHUE,DIPLADE,40038287-0,40038287,0e189255-8ff7-4f3f-ab8e-f129e9c29684,NINHUE,,,RS,DISEÑO,,,GORE - FNDR,FINANCIADO,97740.0,ENTREGA DISEÑO,600,M2,,,,,,,,,,,,,,,,,,CONSOLIDADO.csv
034ae7d7-5b16-45ac-b525-9d33f5907505,VIOLETA,AMARILLO,"REPOSICION  EDIFICIO CONSISTORIAL, EL CARMEN",DIPIR,30132719-0,30132719,d61fd815-c344-4ea0-9940-47934cbbd5a8,EL CARMEN,,C. JUNGJOHANN,RS,EJECUCIÓN,,,"GORE - FNDR, SUBDERE",FINANCIADO,11434762.0,INAUGURACIÓN,"3,196",M2,,,,,,,,,,,,,,,,,,CONSOLIDADO.csv
4f3fcdd0-fb47-4250-8b25-033857503322,VIOLETA,AMARILLO,REPOSICION LICEO A-17 COMUNA DE YUNGAY,DIPIR,30386411-0,30386411,a8d3a02c-ffc8-4f2b-8ca7-28ce3dd8521c,YUNGAY,,C. JUNGJOHANN,RS,EJECUCIÓN,,,"GORE - FNDR, SUBDERE",FINANCIADO,17003303.0,INAUGURACIÓN,"6,143",M2,,,,,,,,,,,,,,,,,,CONSOLIDADO.csv
844f1e6e-a489-48d4-8caf-9617c697fc0a,VIOLETA,,"REPOSICION TOTAL ESCUELA FELIPE CUBILLOS SIGAL, COMUNA DE COELEMU",DIPIR,40021911-0,40021911,5150b0d8-0e1c-41a6-a629-40c957346009,COELEMU,,E. DOMINGUEZ,RS,EJECUCIÓN,,,GORE - FNDR,FINANCIADO,1442757.0,INAUGURACIÓN,"1,066",M2,,,,,,,,,,,,,,,,,,CONSOLIDADO.csv
47d9612b-111c-48d1-9152-223dabbd7f33,VIOLETA,,"CONSERVACION ESCUELA VILLA JESUS DE COELEMU, COMUNA DE COELEMU",DIDESOH,40034891-0,40034891,865e24ca-6b94-45ac-b04c-2b66aa9e6e84,COELEMU,,,RS,EJECUCIÓN,MUNICIPALIDAD,MUNICIPALIDAD,GORE - FNDR,FINANCIADO,573103.0,INAUGURACIÓN,"4,170",M2,,,,,,,,,,,,,,,,,,CONSOLIDADO.csv
e12660db-9fd5-4f17-9960-a640f9888965,VIOLETA,,"CONSERVACION LICEO TEUQUILEMU, COMUNA DE ÑIQUEN",DIDESOH,40062106-0,40062106,,ÑIQUÉN,,,,EJECUCIÓN,MINEDUC,MINEDUC,MINEDUC,FINANCIADO,608227.0,INAUGURACIÓN,926,M2,,,,,,,,,,,,,,,,,,CONSOLIDADO.csv
6fb47aef-a6a9-4d51-b9b5-eb53ebe73deb,VIOLETA,,"REPOSICION RETÉN DE CARABINEROS ÑIPAS, COMUNA DE RÁNQUIL",DIPLADE,40027510-0,40027510,dfa34179-bd2f-4dc4-bdd9-05bf4fa83e67,RANQUIL,,,RS,DISEÑO,CARABINEROS,MOP - DA,GORE - FNDR,FINANCIADO,95977.0,ENTREGA DISEÑO,796,M2,,,,,,,,,,,,,,,,,,CONSOLIDADO.csv
a89f9460-3a57-42a4-8afd-2bb8ae9fcabf,VIOLETA,,REPOSICION HOGAR DE ANCIANOS COMUNA DE SAN IGNACIO (ELEAM),DIPIR,20119065-0,20119065,3d299781-ca5e-41d5-a45c-a7d94b8261e8,SAN IGNACIO,,C. JUNGJOHANN,RS,EJECUCIÓN,MUNICIPALIDAD,MUNICIPALIDAD,GORE - FNDR,FINANCIADO,3044401.0,INAUGURACIÓN,927,M2,,,,,,,,,,,,,,,,,,CONSOLIDADO.csv
840bc51f-24e3-405b-80b6-aee838c905f4,VIOLETA,,ESCUELA FORMACIÓN TRANSITORIA CARABINEROS,DIPIR,40073352-0,40073352,a8d07c63-83fb-4519-a8e6-da35e8868232,QUIRIHUE,,C. JAQUE,,,,,,FINANCIADO,303.399,INAUGURACIÓN,,,,,,,,,,,,,,,,,,FRIL,,CONSOLIDADO.csv
9cfe7659-e338-487b-8c3e-22b108325f8d,VIOLETA,,ESCUELA FORMACION DEFINITIVA (CAPILLA COX) DISEÑO TERMINA 2027 - DIVISIÓN SEGURIDAD,DIPLADE,Sin información,,,CHILLAN,,,RS,DISEÑO,,,,NO FINANCIADO,,,,,,,,,,,,,,,,,,,,,,CONSOLIDADO.csv
f1878bd6-f505-4544-94ab-bbf3151e4e9f,VIOLETA,,MEJORAMIENTO COMPLEJO ANFA (DIDESO) - QUILMO,DIDESOH,Sin Ingreso,,,CHILLAN,,,,,,,GORE - FNDR,,,,,,,,,,,,,,,,,,,,,,,CONSOLIDADO.csv
1869739d-7519-44ea-b325-d7fd26412ab3,VIOLETA,,LICEO INTERNADO DE CATO (DIPLADE) - DISEÑO CONSERVACIÓN DE DOS ALAS,DIPLADE,Sin información,,,CHILLAN,,,IDEA,DISEÑO,,,,NO FINANCIADO,,,,,,,,,,,,,,,,,,,,,,CONSOLIDADO.csv
a470e4c3-3c09-4f4d-97a3-a6e3571f7dfd,VIOLETA,,CESFAM LAS MARIPOSAS DE CHILLÁN (DISEÑO) CONVENIO DE PROGRAMACIÓN,DIPLADE,Sin información,,,CHILLAN,,,IDEA,SIN INFORMACIÓN,,,,,,ENTREGA TERRENO,,,,,,,,,,,,,,,,,,,,CONSOLIDADO.csv
44baf753-fbd0-4c20-87ad-bcb3cab73bab,VIOLETA,,ESCUELA SAN NICOLÁS,DIDESOH,40029452-0,40029452,1144de71-5c48-4dc4-ae25-d7d3a092b712,SAN NICOLAS,,,IDEA,,,,"GORE - FNDR, OTRA FUENTE",FINANCIADO,,,,,,,,,,,,,,,,,,,,,,CONSOLIDADO.csv
f566d167-d70e-451a-9ae1-7234154e4c4b,VIOLETA,,REPOSICIÓN CENTRO DE SALUD FAMILIAR DAVID BENAVENTE NINHUE,DIPLADE,40037349-0,40037349,26c4510b-1a7f-48be-a248-03e418a20c28,NINHUE,,,RS,DISEÑO,,,,FINANCIADO,382.99,ENTREGA DISEÑO,,M2,,,,,,,,,,,,,,,,,,CONSOLIDADO.csv
32372fd5-42ea-4d3d-9448-ca5bc07b1454,AMARILLO,,ESTADIO BULNES (POR ETAPAS),DIPLADE,Sin información,,,BULNES,,,EN FORMULACIÓN,SIN INFORMACIÓN,MUNICIPALIDAD,,,NO FINANCIADO,,,,,,,,,,,,,,,,,,,,,,CONSOLIDADO.csv
23d46312-bba8-423c-b636-cdb399978171,AMARILLO,,BOULEVARD AVENIDA ARGENTINA,DIPLADE,30485661-0,30485661,1cd76291-16c8-478e-ba0f-4b844eb36dfc,CHILLAN,,,RS,EJECUCIÓN,MUNICIPALIDAD,MUNICIPALIDAD,GORE - FNDR,NO FINANCIADO,,INAUGURACIÓN,"23,499",M2,,,,,,,,,,,,,,,,,,CONSOLIDADO.csv
89053acd-99c3-4faa-bc04-76e31fb7ab7a,AMARILLO,,EJE OHIGGINS,DIPLADE,Sin información,,,CHILLÁN VIEJO,,,,SIN INFORMACIÓN,MUNICIPALIDAD,,,NO FINANCIADO,,,,,,,,,,,,,,,,,,,,,,CONSOLIDADO.csv
3ca70cee-8f91-4398-bfda-99b7d2653742,AMARILLO,,"MEJORAMIENTO BORDE COSTERO SECTOR LOBERIA, COBQUECURA",DIPLADE,40076912-0,40076912,,COBQUECURA,,,,SIN INFORMACIÓN,MOP - DOP,,,NO FINANCIADO,5000.0,,,,,,,,,,,,,,,,,,,,,CONSOLIDADO.csv
076cd72e-a915-4550-88b7-1ede61a08ef7,AMARILLO,,ESCUELA FELIPE CUBILLOS,DIPLADE,Sin información,,,COELEMU,,,,SIN INFORMACIÓN,MUNICIPALIDAD,,GORE - FNDR,FINANCIADO,,,,,,,,,,,,,,,,,,,,,,CONSOLIDADO.csv
70c89eff-f776-4c01-862c-3324874a637f,AMARILLO,,GIMNASIO,DIPLADE,Sin información,,,COIHUECO,,,,SIN INFORMACIÓN,MUNICIPALIDAD,,,NO FINANCIADO,,,,,,,,,,,,,,,,,,,,,,CONSOLIDADO.csv
423ca831-30e8-4329-acc4-768357a9b704,AMARILLO,,EDIFICIO CONSISTORIAL,DIPLADE,Sin información,,,EL CARMEN,,,RS,EJECUCIÓN,MUNICIPALIDAD,,"GORE - FNDR, SUBDERE",FINANCIADO,,,,,,,,,,,,,,,,,,,,,,CONSOLIDADO.csv
45e49306-e0fb-4a5e-b6de-123a0f0f1cd4,AMARILLO,,"EPOSICION PAVIMENTACIÓN CALLE ARTURO PRAT, COMUNA DE NINHUE",DIPLADE,40045015-0,40045015,23e55164-9608-4cb0-8a3d-a261122ed4f6,NINHUE,,,,SIN INFORMACIÓN,MUNICIPALIDAD,,,FINANCIADO,,,,,,,,,,,,,,,,,,,,,,CONSOLIDADO.csv
dba8469b-86f5-4e27-869f-1bd1cd38d165,AMARILLO,,CUERPO DE BOMBEROS ÑIQUEN,DIPLADE,Sin información,,,ÑIQUÉN,,,,EJECUCIÓN,MUNICIPALIDAD,,,NO FINANCIADO,,,,,,,,,,,,,,,,,,,,,,CONSOLIDADO.csv
c94ca492-4215-485a-9d69-21b532f974b2,AMARILLO,,TEMPLO CATÓLICO,DIPLADE,Sin información,,,PEMUCO,,,,SIN INFORMACIÓN,MUNICIPALIDAD,,,NO FINANCIADO,,,,,,,,,,,,,,,,,,,,,,CONSOLIDADO.csv
33b6e82a-5c8e-4246-be63-74cc4b156285,AMARILLO,,POLIDEPORTIVO (EN PARQUE RAMADERO),DIPLADE,Sin información,,,PINTO,,,,SIN INFORMACIÓN,MUNICIPALIDAD,,,NO FINANCIADO,,,,,,,,,,,,,,,,,,,,,,CONSOLIDADO.csv
ae66f392-b56e-4121-bb51-c17a4f7d463f,AMARILLO,,CESFAM PORTEZUELO,DIPLADE,Sin información,,,PORTEZUELO,,,,SIN INFORMACIÓN,MUNICIPALIDAD,,,NO FINANCIADO,,,,,,,,,,,,,,,,,,,,,,CONSOLIDADO.csv
778ce0bf-0bf7-4b39-bffa-3addfd811ca1,AMARILLO,,BOULEVARD LAGUNA,DIPLADE,Sin información,,,QUILLÓN,,,,SIN INFORMACIÓN,MUNICIPALIDAD,,,NO FINANCIADO,,,,,,,,,,,,,,,,,,,,,,CONSOLIDADO.csv
839c46fd-b369-423c-84cc-0b34e2aeeee8,AMARILLO,,CECOF / GIMNASIO,DIPLADE,Sin información,,,QUIRIHUE,,,,SIN INFORMACIÓN,MUNICIPALIDAD,,,NO FINANCIADO,,,,,,,,,,,,,,,,,,,,,,CONSOLIDADO.csv
70e8ea8c-49bd-4bb6-a7bf-1cd7207c5985,AMARILLO,,COMPLEJO DEPORTIVO EL BARCO,DIPLADE,Sin información,,,RANQUIL,,,EVALUACIÓN GORE,SIN INFORMACIÓN,MUNICIPALIDAD,,,NO FINANCIADO,,,,,,,,,,,,,,,,,,,,,,CONSOLIDADO.csv
0ac6bb6c-8236-47cc-8acd-c976285c4674,AMARILLO,,POLIDEPORTIVO SAN CARLOS,DIPLADE,Sin información,,,SAN CARLOS,,,EN FORMULACIÓN,SIN INFORMACIÓN,MUNICIPALIDAD,,,NO FINANCIADO,,,,,,,,,,,,,,,,,,,,,,CONSOLIDADO.csv
df2627f1-7f7d-4e5c-9c38-9b0672f7688d,AMARILLO,,CONSTRUCCION SISTEMA DE ALCANTARILLADO Y P.T.A.S LOCALIDAD DE SAN FABIAN DE ALICO,DIPLADE,Sin información,,,SAN FABIÁN,,,EN FORMULACIÓN,SIN INFORMACIÓN,MUNICIPALIDAD,,,NO FINANCIADO,,,,,,,,,,,,,,,,,,,,,,CONSOLIDADO.csv
bd75b5a5-c42e-4359-860d-b4eca3232233,AMARILLO,VIOLETA,ELEAM REGIONAL,DIPLADE,Sin información,,,SAN IGNACIO,,,EN FORMULACIÓN,SIN INFORMACIÓN,MUNICIPALIDAD,,,NO FINANCIADO,,,,,,,,,,,,,,,,,,,,,,CONSOLIDADO.csv
423f3c34-271f-4997-9c26-472bb04a0772,AMARILLO,,CONSTRUCCIÓN PISCINA TEMPERADA,DIPLADE,Sin información,,,SAN NICOLAS,,,,SIN INFORMACIÓN,MUNICIPALIDAD,,,NO FINANCIADO,,,,,,,,,,,,,,,,,,,,,,CONSOLIDADO.csv
27116c43-74ae-4dfd-8a4c-7a78ca3a6536,AMARILLO,VIOLETA,CESFAM TREHUACO,DIPLADE,20138669-0,20138669,,TREHUACO,,,RS,EJECUCIÓN,MUNICIPALIDAD,,,NO FINANCIADO,,,,,,,,,,,,,,,,,,,,,,CONSOLIDADO.csv
a214df50-e3ba-4cff-801f-647c87d098a9,AMARILLO,,LICEO DE YUNGAY,DIPLADE,30386411-0,30386411,a8d3a02c-ffc8-4f2b-8ca7-28ce3dd8521c,YUNGAY,,,RS,EJECUCIÓN,MUNICIPALIDAD,MUNICIPALIDAD,"GORE - FNDR, SUBDERE",FINANCIADO,,INAUGURACIÓN,,,,,,,,,,,,,,,,,,,,CONSOLIDADO.csv
