id,subtitulo,item,asignacion,denominacion,distribucion_inicial,ppto_vigente_anterior,modificacion,ppto_vigente_final,numero_modificacion,tipo_bloque,vigente,origen_hoja,fila_origen
320e2882-1a7e-46f2-95a8-f115038f4835,13,,,TRANSFERENCIAS PARA GASTOS DE CAPITAL,,,,,1,GASTOS,True,MODIFICACIÓN N°1.csv,10
ffcc247f-72e6-45ec-b820-3fb4de61fa80,13,03,,DE OTRAS ENTIDADES PÚBLICAS,,,,,1,GASTOS,True,MODIFICACIÓN N°1.csv,11
e1935a18-9574-4ce0-9a8e-6ce37367ac9c,24,,,TRANSFERENCIAS CORRIENTES,,,,,1,GASTOS,True,MODIFICACIÓN N°1.csv,13
0d22628b-2bdf-481c-8b95-45ea49d24177,24,03,,A OTRAS ENTIDADES PÚBLICAS,,,,,1,GASTOS,True,MODIFICACIÓN N°1.csv,14
9679fe09-4ae6-417f-9632-04774eee9859,24,03,006,SUBSECRETARIA DEL TRABAJO - PROEMPLEO,,,,,1,GASTOS,True,MODIFICACIÓN N°1.csv,15
ab63ea23-aadb-4b19-a419-53e78b35ebc7,13,,,TRANSFERENCIAS PARA GASTOS DE CAPITAL,,,,,10,GASTOS,True,MODIFICACIÓN N°10.csv,10
b32e411d-6e4b-43b8-ae4e-aadcb02fa084,13,03,,DE OTRAS ENTIDADES PÚBLICAS,,,,,10,GASTOS,True,MODIFICACIÓN N°10.csv,11
6280a2f4-bc01-4849-8c3f-bd32c06975f9,24,,,TRANSFERENCIAS CORRIENTES,,,,,10,GASTOS,True,MODIFICACIÓN N°10.csv,12
a336dba1-c4b5-4873-9e65-ce62072db0b2,24,01,,AL SECTOR PRIVADO,,,,,10,GASTOS,True,MODIFICACIÓN N°10.csv,13
2e5f46bb-d8c6-4ad5-8cb9-c7286b8b6dfd,24,01,010,APLICACIÓN LETRA A) ARTÍCULO CUARTO TRANSITORIO LEY N°20.378,,,,,10,GASTOS,True,MODIFICACIÓN N°10.csv,14
944ebd91-eab4-41cb-808f-e41982dd9882,24,03,,AL SECTOR PÚBLICO,,,,,10,GASTOS,True,MODIFICACIÓN N°10.csv,15
c5721def-7ebc-4c3e-addb-5023c5508e13,24,03,429,UNIVERSIDAD DE CHILE - TRANSFERENCIA SELLO DE ORIGEN PARA MAÍZ AMARILLO Y UVA CORINTA ( 40035912-0),,,,,10,GASTOS,True,MODIFICACIÓN N°10.csv,16
7f00d1ce-7a39-4228-8373-179f74bad61b,24,03,476,UNIVERSIDAD DEL BIO BIO - TRANSFERENCIA CERTIFICACIÓN Y SELLO DE CALIDAD PARA VINOS DE LA REGIÓN DE ÑUBLE (40053301-0),,,,,10,GASTOS,True,MODIFICACIÓN N°10.csv,17
e0458f6f-1612-42a3-99f0-24dbc2880585,24,03,481,UNIVERSIDAD DE TALCA - TRANSFERENCIA SISTEMA DE DIAGNÓSTICO Y RECOMENDACIÓN NUTRICIONAL INTEGRADA EN AVELLANO EUROPEO (40058771-0),,,,,10,GASTOS,True,MODIFICACIÓN N°10.csv,18
491833f4-3a05-4fa3-9444-5a51a3e64001,24,03,483,UNIVERSIDAD DEL BIO BIO - TRANSFERENCIA INDUSTRIALIZACIÓN DE LA VIVIENDA EN MADERA DE LA REGIÓN ÑUBLE (40058700-0),,,,,10,GASTOS,True,MODIFICACIÓN N°10.csv,19
8e9d3e2a-b6d0-4180-aa93-fa5da7c5c11c,24,03,484,UNIVERSIDAD DE CHILE - TRANSFERENCIA LA PAJA DE TRIGO DEL VALLE DEL ITATA: UNA OPORTUNIDAD DE DESARROLLO DE ECONOMÍA CIRCULAR Y SOSTENIBLE (40057900-0),,,,,10,GASTOS,True,MODIFICACIÓN N°10.csv,20
1b4e1a3e-a064-4838-aa65-61e881fef924,24,03,491,PRO CHILE - TRANFERENCIA PROMOCIÓN DE EXPORTACIONES MULTISECTRIAL ÑUBLE (40067558-0),,,,,10,GASTOS,True,MODIFICACIÓN N°10.csv,21
19b21eb3-46ff-4b96-98cd-3707ebcb198c,32,,,PRÉSTAMOS,,,,,10,GASTOS,True,MODIFICACIÓN N°10.csv,22
8799c622-3e02-4aad-af4a-cae559c1ba35,32,06,,POR ANTICIPOS A CONTRATISTAS,,,,,10,GASTOS,True,MODIFICACIÓN N°10.csv,23
03627194-d74f-4d9a-87d8-8ac6204a91d7,33,,,TRANSFERENCIAS DE CAPITAL,,,,,10,GASTOS,True,MODIFICACIÓN N°10.csv,24
a562a23a-d79b-444b-a480-82e833ee9934,33,03,,A OTRAS ENTIDADES PÚBLICAS,,,,,10,GASTOS,True,MODIFICACIÓN N°10.csv,25
39f3395d-c0a5-405b-9db4-7dbe96e6ba23,33,03,249,"UNIVERSIDAD DEL BIO BIO - TRANSFERENCIA TRAZABILIDAD Y VALIDACIÓN DE VINOS VALLE DEL ITATA, REGIÓN DE ÑUBLE (40067308-0)",,,,,10,GASTOS,True,MODIFICACIÓN N°10.csv,26
1207edf0-5fa4-40dc-b413-4dfc32aeb50a,33,03,999,PROVISIÓN FONDO PARA LA PRODUCTIVIDAD Y EL DESARROLLO(SIN DISTRIBUIR),,,,,10,GASTOS,True,MODIFICACIÓN N°10.csv,27
6011782b-8202-48d7-9d41-f7d61caca21d,22,,,BIENES Y SERVICIOS DE CONSUMO,,,,,11,GASTOS,True,MODIFICACIÓN N°11.csv,10
4824dc58-f955-4b58-beae-6a052a720eec,24,,,TRANSFERENCIAS CORRIENTES,,,,,11,GASTOS,True,MODIFICACIÓN N°11.csv,11
c5300900-8c64-4317-a1a7-228764c0ced1,24,01,,AL SECTOR PRIVADO,,,,,11,GASTOS,True,MODIFICACIÓN N°11.csv,12
d629723a-d16c-44fb-bdfd-a761d326c59d,24,01,001,JUNTA NACIONAL DE CUERPOS DE BOMBEROS DE CHILE,,,,,11,GASTOS,True,MODIFICACIÓN N°11.csv,13
3e987130-4baf-4832-98ad-782bf2b09945,24,01,266,UNIVERSIDAD CATÓLICA DE LA SANTÍSIMA CONCEPCIÓN - PLAN DE ACCIÓN PARA ADOPCIÓN ELECTROMOVILIDAD ÑUBLE (40050692-0),,,,,11,GASTOS,True,MODIFICACIÓN N°11.csv,14
e475bd12-4821-403e-a48c-c0ee3b40d449,24,01,275,UNIVERSIDAD CATÓLICA DE LA SANTÍSIMA CONCEPCIÓN - TRANSFERENCIA RED DE PRODUCTORES AGRÍCOLAS PARA LAS COMPRAS PÚBLICAS PARA LA REGIÓN DE ÑUBLE (40058764-0),,,,,11,GASTOS,True,MODIFICACIÓN N°11.csv,15
5be63307-53cb-460b-b9b0-f57d2cbd1248,24,01,276,UNIVERSIDAD ADVENTISTA DE CHILE - TRANSFERENCIA PLATAFORMA WEB-APP MÓVIL INTEGRADA EN RED PARA REDUCIR MORTALIDAD/ MORBILIDAD POR INFARTO AGUDO AL MIOCARDIO Y ACCIDENTE VASCULAR ENCEFÁLICO (40058752-0),,,,,11,GASTOS,True,MODIFICACIÓN N°11.csv,16
4afbbd1d-e109-47fd-9e5f-f2a6b2946e30,24,03,,AL SECTOR PÚBLICO,,,,,11,GASTOS,True,MODIFICACIÓN N°11.csv,17
518f771e-e193-41a2-9a02-9d644aa1725e,24,03,407,SERVICIO DE SALUD ÑUBLE-CAPACITACIÓN DE 100 MÉDICOS ESPECIALISTAS PARA RED ASISTENCIAL 2019-2024 (40009727-0),,,,,11,GASTOS,True,MODIFICACIÓN N°11.csv,18
13341bd9-5d23-40e4-9656-61d946d0a00e,24,03,418,DOH - ASISTENCIA TÉCNICA PARA COMITÉS O COOPERATIVAS PARA PROYECTOS DE APR (40023687-0),,,,,11,GASTOS,True,MODIFICACIÓN N°11.csv,19
f6217ebb-0e56-4df3-af61-08a27ee9863e,24,03,426,SUBSECRETARÍA DE TELECOMUNICACIONES DE CHILE - TRANSFERENCIA FONDO DESARROLLO DE LAS TELECOMUNICACIONES FIBRA ÓPTICA ÑUBLE - ÚLTIMA MILLA (40033167-0),,,,,11,GASTOS,True,MODIFICACIÓN N°11.csv,20
c5d348b9-31b0-4618-b3a8-f53c1bb7a644,24,03,448,UNIVERSIDAD DE TALCA - IDENTIDAD MICROBIANA DE LA VITICULTURA DEL ITATA (40050623-0),,,,,11,GASTOS,True,MODIFICACIÓN N°11.csv,21
539dceb8-781b-411d-919e-7f73f2124607,24,03,452,UNIVERSIDAD DE CHILE - GEOTERMIA PÚBLICA Y AGROPRODUCTIVA PARA ÑUBLE (40050616-0),,,,,11,GASTOS,True,MODIFICACIÓN N°11.csv,22
33d73c89-e386-4980-8cd1-1274bab0ced8,24,03,470,"SERVIU ÑUBLE - DIFUSIÓN INFORMACIÓN Y ACOMPAÑAMIENTO SOCIAL A COMITÉS DE VIVIENDAS, REGIÓN DE ÑUBLE (40048725-0)",,,,,11,GASTOS,True,MODIFICACIÓN N°11.csv,23
1c81fd27-4dc6-4419-806b-67adbe54275a,24,03,474,"UNIVERSIDAD DEL BIO BIO - TRANSFERENCIA PLATAFORMA INTEROPERABLE, PARA EL MANEJO DE LISTAS DE ESPERA EN (40058654-0)",,,,,11,GASTOS,True,MODIFICACIÓN N°11.csv,24
b1b742b0-dbcd-4016-86e6-03215c7e9c52,24,03,475,UNIVERSIDAD DEL BIO BIO - TRANSFERENCIA PREVENCIÓN Y DETECCIÓN PRECOZ DE CÁNCER COLORRECTAL PARA LA REGIÓN DE ÑUBLE (40058702-0),,,,,11,GASTOS,True,MODIFICACIÓN N°11.csv,25
6c4caa1f-a380-4caf-861b-176d476cbdd1,24,03,478,SERNATUR - TRANSFERENCIA FORTALECIMIENTO DEL TURISMO SOCIAL EN LA REGIÓN DE ÑUBLE (40058836-0),,,,,11,GASTOS,True,MODIFICACIÓN N°11.csv,26
a6803b15-cd77-4767-a2a5-571012cacc08,24,03,482,UNIVERSIDAD DEL BIO BIO - TRANSFERENCIA PROGRAMA DE APOYO INTEGRAL PARA RESIDENCIAS DE PROTECCIÓN DE LA REGIÓN DE ÑUBLE (40058721-0),,,,,11,GASTOS,True,MODIFICACIÓN N°11.csv,27
ddb3ff41-e8d3-4b11-9ac2-0ceab484d114,24,03,486,SERVICIO DE SALUD ÑUBLE - TRANSFERENCIA CASA DE ACOGIDA PARA PACIENTES Y FAMILIARES DEL HOSPITAL REGIONAL DE ÑUBLE (40055996-0),,,,,11,GASTOS,True,MODIFICACIÓN N°11.csv,28
7ee13ea2-7e55-448b-a88b-bb3ca8fa82e9,24,03,487,UNIVERSIDAD DEL BIO BÍO - TRANSFERENCIA GESTIÓN COLABORATIVA EN SALUD PÚBLICA (POLO DE SALUD) PARA LA REGIÓN DE ÑUBLE (40057788-0),,,,,11,GASTOS,True,MODIFICACIÓN N°11.csv,29
959ca48f-7735-4e43-88d0-3133af11626f,24,03,488,"SERNATUR - TRANSFERENCIA DESARROLLO DE COMPETENCIAS Y PROMOCIÓN TURÍSTICA NACIONAL E INTERNACIONAL, REGIÓN DE ÑUBLE (40058688-0)",,,,,11,GASTOS,True,MODIFICACIÓN N°11.csv,30
d80e9413-8115-443b-a3b0-10a096e46225,29,,,ADQUISICIÓN DE ACTIVOS NO FINANCIEROS,,,,,11,GASTOS,True,MODIFICACIÓN N°11.csv,31
54736324-cbf2-44e5-b962-258c278460b1,29,01,,TERRENOS,,,,,11,GASTOS,True,MODIFICACIÓN N°11.csv,32
de1e4f2a-cafb-413d-b74c-ea5dd851a157,29,03,,VEHÍCULOS,,,,,11,GASTOS,True,MODIFICACIÓN N°11.csv,33
c8d84e6c-cd33-44db-b003-852109a5461b,29,05,,MÁQUINAS Y EQUIPOS,,,,,11,GASTOS,True,MODIFICACIÓN N°11.csv,34
628904af-c8b1-4933-ab19-33e35a533185,31,,,INICIATIVAS DE INVERSIÓN,,,,,11,GASTOS,True,MODIFICACIÓN N°11.csv,35
cfc17804-da6d-4069-b346-fea877433c71,31,01,,ESTUDIOS BÁSICOS,,,,,11,GASTOS,True,MODIFICACIÓN N°11.csv,36
2034a0f7-c624-4ddc-b3a2-9b35c51ef4b6,31,02,,PROYECTOS,,,,,11,GASTOS,True,MODIFICACIÓN N°11.csv,37
7bb487a6-4d33-406b-b211-13e6a0d6f6fe,32,,,PRÉSTAMOS,,,,,11,GASTOS,True,MODIFICACIÓN N°11.csv,38
628e6d72-7a6c-4f0c-ad4e-6b390d6b8943,32,06,,POR ANTICIPOS A CONTRATISTAS,,,,,11,GASTOS,True,MODIFICACIÓN N°11.csv,39
95e525c8-dab0-4464-89ec-3465aa934fd5,33,,,TRANSFERENCIAS DE CAPITAL,,,,,11,GASTOS,True,MODIFICACIÓN N°11.csv,40
df08aad9-2517-45b2-97e8-898193a216da,33,03,,A OTRAS ENTIDADES PÚBLICAS,,,,,11,GASTOS,True,MODIFICACIÓN N°11.csv,41
061a3911-748b-4683-b64e-fee7e93373a7,33,03,125,MUNICIPALIDADES (FONDO REGIONAL DE INICIATIVA LOCAL),,,,,11,GASTOS,True,MODIFICACIÓN N°11.csv,42
5f801866-192f-4ae2-81e6-9acb6df34dc8,33,03,999,PROVISIÓN FONDO PARA LA PRODUCTIVIDAD Y EL DESARROLLO(SIN DISTRIBUIR),,,,,11,GASTOS,True,MODIFICACIÓN N°11.csv,43
b7177608-2a47-461c-acda-f5f73afb25ee,06,,,RENTAS DE LA PROPIEDAD,,,,,12,INGRESOS,True,MODIFICACIÓN N°12.csv,11
cfe6d0ac-12d2-4377-b0ca-aa35ba9ce788,06,99,,OTRAS RENTAS DE LA PROPIEDAD,,,,,12,INGRESOS,True,MODIFICACIÓN N°12.csv,12
b1187b21-2f06-425c-acb0-5e3f56ada2ed,08,,,OTROS INGRESOS CORRIENTES,,,,,12,INGRESOS,True,MODIFICACIÓN N°12.csv,13
3788a9c5-841e-42d9-8a16-b3d2b553102c,08,02,,MULTAS Y SANCIONES PECUNARIAS,,,,,12,INGRESOS,True,MODIFICACIÓN N°12.csv,14
041e5134-d5bd-423e-9e38-3fffff8ad18c,08,99,,OTROS INGRESOS,,,,,12,INGRESOS,True,MODIFICACIÓN N°12.csv,15
82f2cd46-1910-41a7-8152-c7c8c6c47ccf,22,,,BIENES Y SERVICIOS DE CONSUMO,,,,,12,GASTOS,True,MODIFICACIÓN N°12.csv,17
de26f915-fdcf-40a2-98a9-8ec22a864a4b,13,,,TRANSFERENCIAS PARA GASTO DE CAPITAL,,,,,13,INGRESOS,True,MODIFICACIÓN N°13.csv,11
fa26e876-e5d2-41cc-9675-c9504df46ca8,13,03,,DE OTRAS ENTIDADES PÚBLICAS,,,,,13,INGRESOS,True,MODIFICACIÓN N°13.csv,12
b46c83e9-fecc-4106-a831-f4af351f104a,31,,,INICIATIVAS DE INVERSIÓN,,,,,13,INGRESOS,True,MODIFICACIÓN N°13.csv,14
c306cce4-4869-42d6-b07e-d64b5f15b9b2,31,02,,PROYECTOS,,,,,13,INGRESOS,True,MODIFICACIÓN N°13.csv,15
63106bd3-0930-4ab1-a31b-a3447587c3ea,13,,,TRANSFERENCIAS PARA GASTO DE CAPITAL,,,,,14,INGRESOS,True,MODIFICACIÓN N°14.csv,11
6902f07f-4bf5-4e28-971f-d0c9bb94ba35,13,03,,DE OTRAS ENTIDADES PÚBLICAS,,,,,14,INGRESOS,True,MODIFICACIÓN N°14.csv,12
8dedf4c7-6d45-4f71-aebd-5c4e885482af,31,,,INICIATIVAS DE INVERSIÓN,,,,,14,INGRESOS,True,MODIFICACIÓN N°14.csv,14
7393ff86-d1c2-46ec-9c2d-a50be242ffbb,31,02,,PROYECTOS,,,,,14,INGRESOS,True,MODIFICACIÓN N°14.csv,15
fd409158-b526-4cf3-ae13-1d81c8b356fd,24,,,TRANSFERENCIAS CORRIENTES,,,,,15,GASTOS,True,MODIFICACIÓN N°15.csv,10
cad08091-173f-4ae3-a23a-d55d6edf5ec6,24,03,,A OTRAS ENTIDADES PÚBLICAS,,,,,15,GASTOS,True,MODIFICACIÓN N°15.csv,11
563b0d70-d1c0-46ce-8f10-d0a9cef41b8e,24,03,418,DOH - ASISTENCIA TÉCNICA PARA COMITÉS O COOPERATIVAS PARA PROYECTOS DE APR (40023687-0),,,,,15,GASTOS,True,MODIFICACIÓN N°15.csv,12
e60afa8e-e0f1-434c-bbc0-41d134d26784,24,03,490,"MEJORANDO LA CALIDAD DE LA EDUCACIÓN, REGIÓN DE ÑUBLE - MUNICIPALIDADES",,,,,15,GASTOS,True,MODIFICACIÓN N°15.csv,13
dbb111a4-e8b1-4c42-93f8-08c9802e3b59,24,03,492,SERVICIO DE SALUD ÑUBLE - TRANSFERENCIA PARA REDUCCIÓN LISTAS DE ESPERA QUIRÚRGICA Y ESPECIALIDAD DE LA REGIÓN DE ÑUBLE (40064354-0),,,,,15,GASTOS,True,MODIFICACIÓN N°15.csv,14
a93735f3-e798-419d-89a1-37e7248a0981,29,,,ADQUISICIÓN DE ACTIVOS NO FINANCIEROS,,,,,15,GASTOS,True,MODIFICACIÓN N°15.csv,15
5c9123cc-8856-44ac-8c16-e49009b50f4b,29,03,,VEHÍCULOS,,,,,15,GASTOS,True,MODIFICACIÓN N°15.csv,16
55707057-91b3-4a0f-b6dd-f7dc4d5b3473,29,05,,MÁQUINAS Y EQUIPOS,,,,,15,GASTOS,True,MODIFICACIÓN N°15.csv,17
fe8e40f0-37c3-41a2-a204-5aeea63a47d6,31,,,INICIATIVAS DE INVERSIÓN,,,,,15,GASTOS,True,MODIFICACIÓN N°15.csv,18
f48fd61c-7f3b-4a34-b267-9161ceb8e8c7,31,02,,PROYECTOS,,,,,15,GASTOS,True,MODIFICACIÓN N°15.csv,19
b35067b7-12d9-492f-a7dd-f34b57e4b9c4,33,,,TRANSFERENCIAS DE CAPITAL,,,,,15,GASTOS,True,MODIFICACIÓN N°15.csv,20
8030e9b5-cfc9-4559-88e6-b290ec59fff1,33,03,,A OTRAS ENTIDADES PÚBLICAS,,,,,15,GASTOS,True,MODIFICACIÓN N°15.csv,21
f12a275b-5f3a-4335-9b9a-90296a00649f,33,03,125,MUNICIPALIDADES (FONDO REGIONAL DE INICIATIVA LOCAL),,,,,15,GASTOS,True,MODIFICACIÓN N°15.csv,22
794775a0-d288-475d-9c91-a650fb8a522c,33,03,489,"COMISIÓN NACIONAL DE RIEGO - TRANSFERENCIA PARA EL FOMENTO AL RIEGO, REGIÓN DE ÑUBLE (40048507-0)",,,,,15,GASTOS,True,MODIFICACIÓN N°15.csv,23
6e32a907-75e7-420e-9696-15d307421647,13,,,TRANSFERENCIAS PARA GASTO DE CAPITAL,,,,,16,GASTOS,True,MODIFICACIÓN N°16.csv,8
17a84fb4-cb57-4d6c-a3a8-ded4c7f96e5c,13,3,,DE OTRAS ENTIDADES PÚBLICAS,,,,,16,GASTOS,True,MODIFICACIÓN N°16.csv,9
5e06f0fa-0376-4cf7-a104-3068620a39d8,34,,,SERVICIO DE LA DEUDA,,,,,16,GASTOS,True,MODIFICACIÓN N°16.csv,12
3aeb0ad4-2b68-490c-b8a4-2e7652fd3fc2,34,7,,DEUDA FLOTANTE,,,,,16,GASTOS,True,MODIFICACIÓN N°16.csv,13
863828a7-8489-45b0-a5e7-a6f8d08b4d85,22,,,BIENES Y SERVICIOS DE CONSUMO,,,,,17,GASTOS,True,MODIFICACIÓN N°17.csv,10
11250722-f61a-465c-96c4-a89cf9e43805,24,,,TRANSFERENCIAS CORRIENTES,,,,,17,GASTOS,True,MODIFICACIÓN N°17.csv,11
a903f936-79ae-44ac-992f-7d9b38e59275,24,01,,AL SECTOR PRIVADO,,,,,17,GASTOS,True,MODIFICACIÓN N°17.csv,12
3cd2c2f1-2cf2-40b1-bac9-a54744fdbcca,24,01,239,FUNDACIÓN DESAFÍO LEVANTEMOS CHILE - APOYO A FERIANTES DE LA REGIÓN DE ÑUBLE (40038746-0),,,,,17,GASTOS,True,MODIFICACIÓN N°17.csv,13
6791df0f-f7f8-4010-8889-e6f7a77f2945,24,01,259,CORPARAUCO - TRANSFERENCIA DE CAPACIDADES A LOS PEQUEÑOS Y MEDIANOS PRODUCTORES AGRICOLAS DE ÑUBLE (40045331),,,,,17,GASTOS,True,MODIFICACIÓN N°17.csv,14
771b4f88-4560-4679-b1a6-d93b131a3eb2,24,01,260,CORPARAUCO - TRANSFERENCIA DE CAPACIDADES PARA EL LEVANTAMIENTO Y VISIBILIZACIÓN DEL EMPRESARIADO Y EMPREND (40043635),,,,,17,GASTOS,True,MODIFICACIÓN N°17.csv,15
43bf3ec9-6420-4e67-9b4a-4b6e3f6ea960,24,01,272,ORQUESTA DE CÁMARA DE SAN CARLOS - TRANSFERENCIA PARA EL ACCESO CULTURAL EN LA REGIÓN DE ÑUBLE (40056218-0),,,,,17,GASTOS,True,MODIFICACIÓN N°17.csv,16
f970c007-2b50-4ef1-89ca-de7793b29479,24,08,,INSTITUCIONES PRIVADAS DE POLÍTICA PÚBLICA,,,,,17,GASTOS,True,MODIFICACIÓN N°17.csv,17
119602ee-ada2-4d19-9396-3d672d7c6dbb,24,08,407,FUNDACIÓN MI TEA - TRANSFERENCIA CONSTRUYENDO PUENTES DE APOYO PARA EL AUTISMO DE LA REGIÓN DE ÑUBLE (40068588-0),,,,,17,GASTOS,True,MODIFICACIÓN N°17.csv,18
0e92e730-e525-4114-adfa-77bca7fd2e69,29,,,ADQUISICIÓN DE ACTIVOS NO FINANCIEROS,,,,,17,GASTOS,True,MODIFICACIÓN N°17.csv,19
0962b56e-504d-43df-9218-cf678d833429,29,01,,TERRENOS,,,,,17,GASTOS,True,MODIFICACIÓN N°17.csv,20
461e7004-b6a1-47fd-bba1-5abc49677ba0,29,03,,VEHÍCULOS,,,,,17,GASTOS,True,MODIFICACIÓN N°17.csv,21
ba6fc119-89de-481e-85b8-70329bbd7070,29,04,,MOBILIARIO Y OTROS,,,,,17,GASTOS,True,MODIFICACIÓN N°17.csv,22
00da7e0d-e886-4949-98e5-6aa26b7bc100,29,06,,EQUIPOS INFORMÁTICOS,,,,,17,GASTOS,True,MODIFICACIÓN N°17.csv,23
04fd987f-5b53-42b0-bfee-0ea6548ceba6,29,07,,PROGRAMAS INFORMÁTICOS,,,,,17,GASTOS,True,MODIFICACIÓN N°17.csv,24
c2b02d3f-6b2f-4277-98cb-94636085f55c,33,,,TRANSFERENCIAS DE CAPITAL,,,,,17,GASTOS,True,MODIFICACIÓN N°17.csv,25
63e520b5-163c-4405-8b87-aae34c7c6528,33,03,,A OTRAS ENTIDADES PÚBLICAS,,,,,17,GASTOS,True,MODIFICACIÓN N°17.csv,26
5bda233a-2aec-4c5c-970a-285df6d9ba82,33,03,125,MUNICIPALIDADES (FONDO REGIONAL DE INICIATIVA LOCAL),,,,,17,GASTOS,True,MODIFICACIÓN N°17.csv,27
2d733cc1-f2e6-4da9-8b0c-fdfaf982ba2e,33,03,490,INDESPA - TRANFERENCIA FOMENTO Y DESARROLLO PRODUCTIVO PESCA ARTESANAL DE LA REGIÓN DE ÑUBLE (40065365-0),,,,,17,GASTOS,True,MODIFICACIÓN N°17.csv,28
4d4682a0-0159-49d6-b775-4f599f062e6d,24,,,TRANSFERENCIAS CORRIENTES,,,,,18,GASTOS,True,MODIFICACIÓN N°18.csv,9
38305ac9-5b39-467e-9313-f93319704234,24,01,,AL SECTOR PRIVADO,,,,,18,GASTOS,True,MODIFICACIÓN N°18.csv,10
19f97285-353a-4c98-b936-be1f68683662,24,01,,UNIVERSIDAD ADVENTISTA DE CHILE - TRANSFERENCIA REDES PARA CONECTAR: CONECTIVIDAD A INTERNET REGIÓN DE ÑUBLE(40067311-0),,,,,18,GASTOS,True,MODIFICACIÓN N°18.csv,11
36672423-e8fe-4504-a857-c6dd39c27391,24,01,,UNIVERSIDAD ADVENTISTA DE CHILE - TRANSFERENCIA APOYO A LA COMPETITIVIDAD DE EMPRENDIMIENTOS AGRO Y TURÍSTICOS DE ÑUBLE (40067349-0),,,,,18,GASTOS,True,MODIFICACIÓN N°18.csv,12
9a40c640-1f52-4342-b1b8-641a2feb6372,24,01,,UNIVERSIDAD ADVENTISTA DE CHILE - TRANSFERENCIA TECNOLÓGICA DE MONITOREO Y GESTIÓN DE FUGAS DE AGUA EN TIEMPO REAL PARA ÑUBLE (40067286-0),,,,,18,GASTOS,True,MODIFICACIÓN N°18.csv,13
a84e09a2-aa14-4cc8-a17d-526759214296,24,01,,UNIVERSIDAD MIGUEL DE CERVANTES - ECOOLOGIC FRUIT: INICIATIVA DE TRANSFERENCIA TECNOLÓGICA PARA LA ADAPTACIÓN AL CAMBIO CLIMÁTICO DE AGRUPACIONES DE PRODUCTORES FRUTICOLAS Y HORTICULTORES DE LA REGIÓN DE ÑUBLE 840067533-0),,,,,18,GASTOS,True,MODIFICACIÓN N°18.csv,14
d212f11b-6ea6-4065-93b9-c0473edd8a8d,24,01,,UNIVERSIDAD CATOLICA DE LA SANTISIMA CONVEPCION - TRANSFERENCIA FORTALECIMIENTO DE LA COMPETITIVIDAD EN MIPYMES DE LA REGIÓN DE ÑUBLE (40067303-0),,,,,18,GASTOS,True,MODIFICACIÓN N°18.csv,15
e8d39acb-aba8-41fd-b8cb-b55db3486bb0,24,01,,UNIVERSIDAD DE CONCEPCION - TRANSFERENCIA TELESALUD PARA ÑUBLE: FORTALECIENDO LA SALUD (40067010-0),,,,,18,GASTOS,True,MODIFICACIÓN N°18.csv,16
a17dbd82-be3a-4a85-8bf8-b64ba3beda8f,24,03,,A OTRAS ENTIDADES PUBLICAS,,,,,18,GASTOS,True,MODIFICACIÓN N°18.csv,17
8dad1f83-efc0-43e2-9200-dd77615a6230,24,03,,UNIVERSIDAD DEL BIO BIO - TRANSFERENCIA BRANDING Y COMERCIALIZACIÓN DEL VALLE DEL ITATA DE LA REGIÓN DE ÑUBLE (40067306-0),,,,,18,GASTOS,True,MODIFICACIÓN N°18.csv,18
daa10dab-ac9c-4a40-ac18-bac88c74786f,24,03,,"UNIVERSIDAD DEL BIO BIO - TRANSFERENCIA CLINICA TECNOLOGÍA MÓVIL, DIGITA ÑUBLE (40067327-0)",,,,,18,GASTOS,True,MODIFICACIÓN N°18.csv,19
412f07bc-cf54-4726-9b54-87729e323f55,24,03,491,PRO CHILE - TRANFERENCIA PROMOCIÓN DE EXPORTACIONES MULTISECTRIAL ÑUBLE (40067558-0),,,,,18,GASTOS,True,MODIFICACIÓN N°18.csv,20
a8b3636b-88ea-4c65-a954-1f77397c01f6,24,03,492,SERVICIO DE SALUD ÑUBLE - TRANSFERENCIA PARA REDUCCIÓN LISTAS DE ESPERA QUIRÚRGICA Y ESPECIALIDAD DE LA REGIÓN DE ÑUBLE (40064354-0),,,,,18,GASTOS,True,MODIFICACIÓN N°18.csv,21
a94ad607-b2ac-4c75-a0be-90d5aa2f0a47,24,08,,INSTITUCIONES PRIVADAS DE POLITICAS PUBLICAS,,,,,18,GASTOS,True,MODIFICACIÓN N°18.csv,22
61f28a68-19b8-43dd-b2eb-5f624c282300,24,08,,CORPORACION EDUCACIONAL PERSEVERA - TRANSFERENCIA ENFATIZANDO LA INCLUSIÓN Y EL CRECIMEINTO DE LAS PERSONAS CON DISCAPACIDAD Y SUS FAMILIAS EN LA REGIÓN DE ÑUBLE (40059046-0),,,,,18,GASTOS,True,MODIFICACIÓN N°18.csv,23
966d2d8c-3bb1-4e4e-ad00-783f13f50ba1,24,,,TRANSFERENCIAS CORRIENTES,,,,,19,GASTOS,True,MODIFICACIÓN N°19.csv,8
1d7dc198-6d92-4904-a5e9-895899d0ecae,24,03,,A OTRAS ENTIDADES PÚBLICAS,,,,,19,GASTOS,True,MODIFICACIÓN N°19.csv,9
6b4ba94d-6e86-42b8-8a4a-7c9ef3fd9ecb,24,03,,PRO CHILE - TRANFERENCIA PROMOCIÓN DE EXPORTACIONES MULTISECTRIAL ÑUBLE (40067558-0),,,,,19,GASTOS,True,MODIFICACIÓN N°19.csv,10
d2fadb54-63ca-4ad1-8ca9-134735253811,24,09,C,A UNIDADES O PROGRAMAS DEL SERVICIO,,,,,19,GASTOS,True,MODIFICACIÓN N°19.csv,11
b721ee3b-97ea-496d-88bd-50a36f6b22dd,24,09,C,"TRANSFERENCIA PARA COORDINACIÓN,SUPERVISIÓN Y CONTROL DE OBRAS PROYECTO TRAZO LIBERTADOR CHILLÁN (40074565-0)",,,,,19,GASTOS,True,MODIFICACIÓN N°19.csv,12
66ad91c5-b5d4-4245-ba38-61a579916007,24,,,TRANSFERENCIAS CORRIENTES,,,,,2,GASTOS,True,MODIFICACIÓN N°2.csv,11
976230f1-bf31-4789-a78e-2f85ac95d181,24,01,,AL SECTOR PRIVADO,,,,,2,GASTOS,True,MODIFICACIÓN N°2.csv,12
eef6d0b7-2233-47b3-84b2-8a64c57dfcca,24,01,239,FUNDACIÓN DESAFÍO LEVANTEMOS CHILE - APOYO A FERIANTES DE LA REGIÓN DE ÑUBLE (40038746-0),,,,,2,GASTOS,True,MODIFICACIÓN N°2.csv,13
b0d52952-656d-4303-be2c-2963131ef277,24,01,264,INSTITUTO INVESTIGACIONES AGROPECUARIAS - BIOINOCULANTE PARA PRODUCCIÓN SUSTENTABLE DE TRIGO (40050689-0),,,,,2,GASTOS,True,MODIFICACIÓN N°2.csv,14
723a2752-f3d4-4cd7-9967-e9c9e8c8d479,24,01,270,INFOR - TRANSFERENCIA FLORA MELÍFERA PARA MEJORAR EL NEGOCIO APÍCOLA DE LA REGIÓN DE ÑUBLE (40023891-0),,,,,2,GASTOS,True,MODIFICACIÓN N°2.csv,15
34f518f3-6c4c-4d47-9042-1669314f24e3,24,03,,A OTRAS ENTIDADES PÚBLICAS,,,,,2,GASTOS,True,MODIFICACIÓN N°2.csv,18
77daacc7-5af0-49c3-881b-1eb2d48c12d3,24,03,006,SUBSECRETARIA DEL TRABAJO - PROEMPLEO,,,,,2,GASTOS,True,MODIFICACIÓN N°2.csv,19
d35712cf-059e-4853-a9e4-bcac3dc9fdb9,24,03,429,UNIVERSIDAD DE CHILE - TRANSFERENCIA SELLO DE ORIGEN PARA MAÍZ AMARILLO Y UVA CORINTA (40035912-0),,,,,2,GASTOS,True,MODIFICACIÓN N°2.csv,20
54a9aa3c-adfc-4978-924d-72f9001d3679,24,03,476,UNIVERSIDAD DEL BIO BIO - TRANSFERENCIA CERTIFICACIÓN Y SELLO DE CALIDAD PARA VINOS DE LA REGIÓN DE ÑUBLE (40053301-0),,,,,2,GASTOS,True,MODIFICACIÓN N°2.csv,21
d52013f0-9161-4336-81ba-83e4f3138f58,24,03,477,CORFO - TRANSFERENCIA REACTIVACIÓN Y TRANSFORMACIÓN ECONÓMICA DE LAS MI PYMES DE LA REGIÓN DE ÑUBLE (40048669-0),,,,,2,GASTOS,True,MODIFICACIÓN N°2.csv,22
d81e9217-6ac5-4eee-9ca2-cf1d2f47c653,24,03,479,SERCOTEC - TRANSFERENCIA PROGRAMAS ESPECIALES DE FOMENTO PRODUCTIVO PARA LA REGIÓN DE ÑUBLE (40056384-0),,,,,2,GASTOS,True,MODIFICACIÓN N°2.csv,23
7d68c1a5-0c0c-4ff9-85f4-15af365603ca,24,03,480,"CENTROS INTEGRALES DE LA MUJER, REGIÓN DE ÑUBLE- MUNICIPALIDADES",,,,,2,GASTOS,True,MODIFICACIÓN N°2.csv,24
b2f38146-8266-43aa-b5b2-f13b13c27784,24,03,481,UNIVERSIDAD DE TALCA - TRANSFERENCIA SISTEMA DE DIAGNÓSTICO Y RECOMENDACIÓN NUTRICIONAL INTEGRADA EN AVELLANO EUROPEO (40058771-0),,,,,2,GASTOS,True,MODIFICACIÓN N°2.csv,25
c03c0459-ae01-44b4-930e-1d432ce3ae5b,24,03,483,UNIVERSIDAD DEL BIO BIO - TRANSFERENCIA INDUSTRIALIZACIÓN DE LA VIVIENDA EN MADERA DE LA REGIÓN ÑUBLE (40058700-0),,,,,2,GASTOS,True,MODIFICACIÓN N°2.csv,26
ffb78da5-32ab-45c8-b483-b3bef4f72ee8,24,03,484,UNIVERSIDAD DE CHILE - TRANSFERENCIA LA PAJA DE TRIGO DEL VALLE DEL ITATA: UNA OPORTUNIDAD DE DESARROLLO DE ECONOMÍA CIRCULAR Y SOSTENIBLE (40057900-0),,,,,2,GASTOS,True,MODIFICACIÓN N°2.csv,27
4b5a4690-296b-48f1-8105-4cc5934db9c7,24,03,491,PRO CHILE - TRANSFERENCIA PROMOCIÓN DE EXPORTACIONES MULTISECTORIAL ÑUBLE (40067558-0),,,,,2,GASTOS,True,MODIFICACIÓN N°2.csv,28
d8f4a4c1-58d8-4786-93b0-c034fd2fa4ec,24,03,492,SERVICIO DE SALUD ÑUBLE - TRANSFERENCIA PARA REDUCCIÓN LISTAS DE ESPERA QUIRÚRGICA Y ESPECIALIDAD DE LA REGIÓN DE ÑUBLE (40064354-0),,,,,2,GASTOS,True,MODIFICACIÓN N°2.csv,29
e23f8672-e91d-4c20-be03-590885944808,24,08,,A INSTITUCIONES PRIVADAS EJECUTORAS DE POLÍTICAS PÚBLICAS,,,,,2,GASTOS,True,MODIFICACIÓN N°2.csv,30
451ff49e-db2d-46c7-a379-38a2d0304c01,24,08,279,FUNDACIÓN MI TEA - TRANSFERENCIA CONSTRUYENDO PUENTES DE APOYO PARA EL AUTISMO DE LA REGIÓN DE ÑUBLE (40068588-0),,,,,2,GASTOS,True,MODIFICACIÓN N°2.csv,31
8c14f373-a6c9-4087-8397-928ce591dd5f,29,,,ADQUISICIÓN DE ACTIVOS NO FINANCIEROS,,,,,2,GASTOS,True,MODIFICACIÓN N°2.csv,32
d82afe1d-808e-4a27-be58-f5e658191e9a,29,04,,MOBILIARIO Y OTROS,,,,,2,GASTOS,True,MODIFICACIÓN N°2.csv,33
511d884d-81a9-4293-833e-03ba4f05a6e8,29,05,,MÁQUINAS Y EQUIPOS,,,,,2,GASTOS,True,MODIFICACIÓN N°2.csv,34
bf9ac927-0ec0-4d12-aae3-2806d14876e9,29,06,,EQUIPOS INFORMATICOS,,,,,2,GASTOS,True,MODIFICACIÓN N°2.csv,35
a327434e-b101-49b0-91cf-fed2d21860fd,33,,,TRANSFERENCIAS DE CAPITAL,,,,,2,GASTOS,True,MODIFICACIÓN N°2.csv,36
2a7de432-38d1-4227-a3d4-aa39249dc0af,33,03,,A OTRAS ENTIDADES PÚBLICAS,,,,,2,GASTOS,True,MODIFICACIÓN N°2.csv,37
96d72453-5941-4681-913a-13101dd7352f,33,03,249,"UNIVERSIDAD DEL BIO BIO - TRANSFERENCIA TRAZABILIDAD Y VALIDACIÓN DE VINOS VALLE DEL ITATA, REGIÓN DE ÑUBLE (40067308-0)",,,,,2,GASTOS,True,MODIFICACIÓN N°2.csv,38
c48ef825-e289-48a3-a454-4df1d9c8885d,33,03,489,"COMISIÓN NACIONAL DE RIEGO - TRANSFERENCIA PARA EL FOMENTO AL RIEGO, REGIÓN DE ÑUBLE (40048507-0)",,,,,2,GASTOS,True,MODIFICACIÓN N°2.csv,39
a1a44806-315a-4e29-955b-78e227a942dd,33,03,490,INDESPA - TRANSFERENCIA FOMENTO Y DESARROLLO PRODUCTIVO PESCA ARTESANAL DE LA REGIÓN DE ÑUBLE (40065365-0),,,,,2,GASTOS,True,MODIFICACIÓN N°2.csv,40
54fd87fe-7a1a-43c7-b5a0-b7baad403fec,33,03,999,PROVISIÓN FONDO PARA LA PRODUCTIVIDAD Y EL DESARROLLO (SIN DISTRIBUIR),,,,,2,GASTOS,True,MODIFICACIÓN N°2.csv,41
f31cccd8-c38f-4f8a-a6fb-f52ae2a09e60,13,,,TRANSFERENCIAS PARA GASTOS DE CAPITAL,,,,,3,INGRESOS,False,MODIFICACIÓN N°3 SIN EFECTO.csv,12
57760079-8df7-4605-b0bf-d1654810ea1f,13,03,,DE OTRAS ENTIDADES PÚBLICAS,,,,,3,INGRESOS,False,MODIFICACIÓN N°3 SIN EFECTO.csv,13
f8b62bc0-08ae-4be7-9805-3132c2167102,13,03,ASIG.,DENOMINACIONES,,,,,3,INGRESOS,False,MODIFICACIÓN N°3 SIN EFECTO.csv,17
daae4a9d-8dd5-41ce-910d-62300ca45829,24,,,TRANSFERENCIAS CORRIENTES,,,,,3,GASTOS,False,MODIFICACIÓN N°3 SIN EFECTO.csv,19
0be04673-1a72-4677-88ac-cbc0f61f16a1,24,03,,A OTRAS ENTIDADES PÚBLICAS,,,,,3,GASTOS,False,MODIFICACIÓN N°3 SIN EFECTO.csv,20
19672d8c-ddfd-4f09-8f03-220d0349f7f9,24,03,006,SUBSECRETARÍA DEL TRABAJO - PROEMPLEO,,,,,3,GASTOS,False,MODIFICACIÓN N°3 SIN EFECTO.csv,21
381a1513-eb07-4582-b0d7-c77f59ede255,24,,,TRANSFERENCIAS CORRIENTES,,,,,3,GASTOS,True,MODIFICACIÓN N°3.csv,11
7fcecca1-57e7-40f0-a896-c4283ee874aa,24,01,,AL SECTOR PRIVADO,,,,,3,GASTOS,True,MODIFICACIÓN N°3.csv,12
4bb8064e-7933-4e8a-a7ed-8779f58b5b75,24,01,270,INFOR - TRANSFERENCIA FLORA MELÍFERA PARA MEJORAR EL NEGOCIO APÍCOLA DE LA REGIÓN DE ÑUBLE (40023891-0),,,,,3,GASTOS,True,MODIFICACIÓN N°3.csv,13
28bb8c31-aa26-4cd1-bb7a-e054b61d967b,24,03,,A OTRAS ENTIDADES PÚBLICAS,,,,,3,GASTOS,True,MODIFICACIÓN N°3.csv,14
de1c9a97-b01f-4f05-b3dd-38e07204de8b,24,03,429,UNIVERSIDAD DE CHILE - TRANSFERENCIA SELLO DE ORIGEN PARA MAÍZ AMARILLO Y UVA CORINTA ( 40035912-0),,,,,3,GASTOS,True,MODIFICACIÓN N°3.csv,15
15ff9628-f0c9-40a0-a66a-cd591d4fbadb,24,03,447,CORFO - TRANSFERENCIA FORTALECIMIENTO Y ATRACCIÓN DE INVERSIONES PRODUCTIVAS DE BASE TECNOLÓGICA - IFI M (40021028-0),,,,,3,GASTOS,True,MODIFICACIÓN N°3.csv,16
36332540-dc32-4611-9595-c0e0a96868a1,24,03,458,MUNICIPALIDAD DE YUNGAY - TRANSFERENCIA CENTRO INTEGRAL DE LA MUJER COMUNA DE YUNGAY (40052257-0),,,,,3,GASTOS,True,MODIFICACIÓN N°3.csv,17
98124fa8-7157-4a83-b67d-79b6e8621e55,24,03,459,"MUNICIPALIDAD DE EL CARMEN - TRANSFERENCIA CENTRO INTEGRAL DE LA MUJER, COMUNA DE EL CARMEN (40052126-0)",,,,,3,GASTOS,True,MODIFICACIÓN N°3.csv,18
a34c6959-9d53-4fa6-9073-cadfb447c0a4,24,03,460,"MUNICIPALIDAD DE BULNES - TRANSFERENCIA CENTRO INTEGRAL DE LA MUJER, COMUNA DE BULNES (40051994-0)",,,,,3,GASTOS,True,MODIFICACIÓN N°3.csv,19
f573ec00-7bb9-4a1e-8d84-90453802dd00,24,03,461,"MUNICIPALIDAD DE COELEMU - TRANSFERENCIA CENTRO INTEGRAL DE LA MUJER, COMUNA DE COELEMU (40051975-0)",,,,,3,GASTOS,True,MODIFICACIÓN N°3.csv,20
fc18d9ab-08a0-457f-9f34-59777642fbcc,24,03,462,"MUNICIPALIDAD DE COIHUECO - TRANSFERENCIA CENTRO INTEGRAL DE LA MUJER, COMUNA DE COIHUECO (40052008-0)",,,,,3,GASTOS,True,MODIFICACIÓN N°3.csv,21
d10fc7e6-d0fe-41bc-98b4-135ee15cbe29,24,03,476,UNIVERSIDAD DEL BIO BIO - TRANSFERENCIA CERTIFICACIÓN Y SELLO DE CALIDAD PARA VINOS DE LA REGIÓN DE ÑUBLE (40053301-0),,,,,3,GASTOS,True,MODIFICACIÓN N°3.csv,22
bd18ec83-b3bb-45f0-a96c-e8f36b1dac86,24,03,477,CORFO - TRANSFERENCIA REACTIVACIÓN Y TRANSFORMACIÓN ECONÓMICA DE LAS MI PYMES DE LA REGIÓN DE ÑUBLE (40048669-0),,,,,3,GASTOS,True,MODIFICACIÓN N°3.csv,23
0471fcc3-48ba-46c5-9ba4-75bc558c5d47,24,03,479,SERCOTEC - TRANSFERENCIA PROGRAMAS ESPECIALES DE FOMENTO PRODUCTIVO PARA LA REGIÓN DE ÑUBLE (40056384-0),,,,,3,GASTOS,True,MODIFICACIÓN N°3.csv,24
26c5f505-400f-416b-a251-9992b30c5e1f,24,03,480,"CENTROS INTEGRALES DE LA MUJER, REGIÓN DE ÑUBLE- MUNICIPALIDADES",,,,,3,GASTOS,True,MODIFICACIÓN N°3.csv,25
7f8efc1c-eccf-428a-854a-517c159b1e0f,24,03,481,UNIVERSIDAD DE TALCA - TRANSFERENCIA SISTEMA DE DIAGNÓSTICO Y RECOMENDACIÓN NUTRICIONAL INTEGRADA EN AVELLANO EUROPEO (40058771-0),,,,,3,GASTOS,True,MODIFICACIÓN N°3.csv,26
b308dc35-3dee-4875-a87e-34bf58352af8,24,03,483,UNIVERSIDAD DEL BIO BIO - TRANSFERENCIA INDUSTRIALIZACIÓN DE LA VIVIENDA EN MADERA DE LA REGIÓN ÑUBLE (40058700-0),,,,,3,GASTOS,True,MODIFICACIÓN N°3.csv,27
e4368094-3f59-4335-bd32-3f143a29f513,24,03,484,UNIVERSIDAD DE CHILE - TRANSFERENCIA LA PAJA DE TRIGO DEL VALLE DEL ITATA: UNA OPORTUNIDAD DE DESARROLLO DE ECONOMÍA CIRCULAR Y SOSTENIBLE (40057900-0),,,,,3,GASTOS,True,MODIFICACIÓN N°3.csv,28
35b2c7af-4ae3-4215-9d7c-9045dd1ef390,33,,,TRANSFERENCIAS DE CAPITAL,,,,,3,GASTOS,True,MODIFICACIÓN N°3.csv,29
6426cca7-7c8e-4677-b68e-359555796a0d,33,03,,A OTRAS ENTIDADES PÚBLICAS,,,,,3,GASTOS,True,MODIFICACIÓN N°3.csv,30
1e176950-2e29-4521-bc68-45d7ebaea537,33,03,999,PROVISIÓN FONDO PARA LA PRODUCTIVIDAD Y EL DESARROLLO(SIN DISTRIBUIR),,,,,3,GASTOS,True,MODIFICACIÓN N°3.csv,31
31957c34-c37a-444a-aa66-fdff18acec70,06,,,RENTAS DE LA PROPIEDAD,,,,,4,INGRESOS,True,MODIFICACIÓN N°4.csv,10
021f57fc-cbe6-41af-9626-2b8ed1dad250,06,99,,OTRAS RENTAS DE LA PROPIEDAD,,,,,4,INGRESOS,True,MODIFICACIÓN N°4.csv,11
041469a0-3edc-427f-8bc5-acf992bcd680,08,,,OTROS INGRESOS CORRIENTES,,,,,4,INGRESOS,True,MODIFICACIÓN N°4.csv,12
30d113a3-6218-4804-a692-11efa75f57c9,08,02,,MULTAS Y SANCIONES PECUNIARIAS,,,,,4,INGRESOS,True,MODIFICACIÓN N°4.csv,13
ff7d4dbb-89a5-4cf2-9aad-fe2b5ddcccf6,08,99,,OTROS INGRESOS,,,,,4,INGRESOS,True,MODIFICACIÓN N°4.csv,14
f9f9b963-d53e-4cc7-8583-f8cd3b1960a0,08,99,ASIG.,DENOMINACIONES,,,,,4,INGRESOS,True,MODIFICACIÓN N°4.csv,20
90c035cc-6581-4afe-8910-4a2b53d5caf0,24,,,TRANSFERENCIAS CORRIENTES,,,,,4,GASTOS,True,MODIFICACIÓN N°4.csv,22
3a80ed1b-d413-418f-b586-8a8485aba8f5,24,01,,AL SECTOR PRIVADO,,,,,4,GASTOS,True,MODIFICACIÓN N°4.csv,23
2ce054b7-50de-4907-8ee4-feca833e8267,24,01,278,INSTITUTO INVESTIGACIONES AGROPECUARIAS - TRANSFERENCIA FRUTICULTURA SOSTENIBLE Y RESILIENTE AL CAMBIO CLIMÁTICO PARA LA REGIÓN DE ÑUBLE (40048139-0),,,,,4,GASTOS,True,MODIFICACIÓN N°4.csv,24
66ed106d-dc13-4dca-8ae3-9e77e74476cd,24,01,300,CONCURSO DE VINCULACIÓN CON LA COMUNIDAD,,,,,4,GASTOS,True,MODIFICACIÓN N°4.csv,25
c0d48733-5bd8-40c8-acf6-0b7334bf54e8,24,03,,A OTRAS ENTIDADES PÚBLICAS,,,,,4,GASTOS,True,MODIFICACIÓN N°4.csv,26
fe457a63-5103-4e2b-be70-89c0b5c784c9,24,03,300,CONCURSO DE VINCULACIÓN CON LA COMUNIDAD,,,,,4,GASTOS,True,MODIFICACIÓN N°4.csv,27
4ef77a19-bc4a-475c-bca1-4b1960cee830,24,03,485,CONAF - TRANSFERENCIA GESTORES DE LA PREVENCIÓN ANTE INCENDIOS FORESTALES DE LA REGIÓN DE ÑUBLE (40059053-0),,,,,4,GASTOS,True,MODIFICACIÓN N°4.csv,28
485946f3-f775-4bd2-beb1-5575e5a5e02f,24,03,486,SERVICIO DE SALUD ÑUBLE - TRANSFERENCIA CASA DE ACOGIDA PARA PACIENTES Y FAMILIARES DEL HOSPITAL REGIONAL DE ÑUBLE (40055996-0),,,,,4,GASTOS,True,MODIFICACIÓN N°4.csv,29
cd80f1a2-559e-4f2f-a6e2-a154495eb35a,24,03,487,UNIVERSIDAD DEL BIO BÍO - TRANSFERENCIA GESTIÓN COLABORATIVA EN SALUD PÚBLICA (POLO DE SALUD) PARA LA REGIÓN DE ÑUBLE (40057788-0),,,,,4,GASTOS,True,MODIFICACIÓN N°4.csv,30
68ba0601-5204-4236-b51d-12c400bca2cf,24,03,488,"SERNATUR - TRANSFERENCIA DESARROLLO DE COMPETENCIAS Y PROMOCIÓN TURÍSTICA NACIONAL E INTERNACIONAL, REGIÓN DE ÑUBLE (40058688-0)",,,,,4,GASTOS,True,MODIFICACIÓN N°4.csv,31
e6b1ab3a-4f68-49ad-8587-81a705b897f4,29,,,ADQUISICIÓN DE ACTIVOS NO FINANCIEROS,,,,,4,GASTOS,True,MODIFICACIÓN N°4.csv,32
336acf14-a6b2-4543-a8fe-f7ba7f168c6a,29,03,,VEHÍCULOS,,,,,4,GASTOS,True,MODIFICACIÓN N°4.csv,33
cca4d30a-c342-4f55-b742-785239309f18,29,05,,MÁQUINAS Y EQUIPOS,,,,,4,GASTOS,True,MODIFICACIÓN N°4.csv,34
82f8e85c-ac98-42d6-aae5-f9dd135b2698,31,,,INICIATIVAS DE INVERSIÓN,,,,,4,GASTOS,True,MODIFICACIÓN N°4.csv,35
01411b43-929a-41aa-ab74-96eab6d01396,31,02,,PROYECTOS,,,,,4,GASTOS,True,MODIFICACIÓN N°4.csv,36
8a63a383-5b2e-43d7-bc5f-aed3b1321f55,33,,,TRANSFERENCIAS DE CAPITAL,,,,,4,GASTOS,True,MODIFICACIÓN N°4.csv,37
11a9bd7e-3662-4a02-89a2-372983565bae,33,03,,A OTRAS ENTIDADES PÚBLICAS,,,,,4,GASTOS,True,MODIFICACIÓN N°4.csv,38
74f62983-4b64-4ef5-a3e4-a4bf2a255d2d,33,03,489,"COMISIÓN NACIONAL DE RIEGO - TRANSFERENCIA PARA EL FOMENTO AL RIEGO, REGIÓN DE ÑUBLE (40048507-0)",,,,,4,GASTOS,True,MODIFICACIÓN N°4.csv,39
5c5c6945-399b-44ed-a95d-34ab1d912d20,15,,,SALDO INICIAL DE CAJA,,,,,5,INGRESOS,True,MODIFICACIÓN N°5 SIC.csv,10
ac1ab24e-a983-48d6-b8b4-3e36b8c76bdc,15,,ASIG.,DENOMINACIONES,,,,,5,INGRESOS,True,MODIFICACIÓN N°5 SIC.csv,16
43fb09fb-6ab5-4bf1-bf31-1bf66d800780,31,,,INICIATIVAS DE INVERSIÓN,,,,,5,GASTOS,True,MODIFICACIÓN N°5 SIC.csv,18
e095e78c-224d-4bf6-9094-2cd17be7d5b6,31,01,,ESTUDIOS BÁSICOS,,,,,5,GASTOS,True,MODIFICACIÓN N°5 SIC.csv,19
ce98edd0-b47e-4433-95d2-bc223767409b,31,02,,PROYECTOS,,,,,5,GASTOS,True,MODIFICACIÓN N°5 SIC.csv,20
8fe8a88b-4fea-414e-bde1-8760b16dc2dc,34,,,TRANSFERENCIAS DE CAPITAL,,,,,5,GASTOS,True,MODIFICACIÓN N°5 SIC.csv,21
d8cd17e1-2be2-4aff-947e-4e9aa24e6a71,34,07,,A OTRAS ENTIDADES PÚBLICAS,,,,,5,GASTOS,True,MODIFICACIÓN N°5 SIC.csv,22
bacc114c-9142-4e59-bc4e-ac7a8ebb9326,24,,,TRANSFERENCIAS CORRIENTES,,,,,6,GASTOS,True,MODIFICACIÓN N°6.csv,12
c5ee3468-db2b-43e8-924c-275891889346,24,01,,AL SECTOR PRIVADO,,,,,6,GASTOS,True,MODIFICACIÓN N°6.csv,13
82f483d3-0a76-41a9-b384-c2e08c04bd53,24,01,300,CONCURSO DE VINCULACIÓN CON LA COMUNIDAD,,,,,6,GASTOS,True,MODIFICACIÓN N°6.csv,14
0ca27224-4a0f-4dbb-b841-c2c4b88efd26,24,03,,A OTRAS ENTIDADES PÚBLICAS,,,,,6,GASTOS,True,MODIFICACIÓN N°6.csv,15
74e4eb96-6707-44ad-ba91-d683cb641a96,24,03,418,DOH - ASISTENCIA TÉCNICA PARA COMITÉS O COOPERATIVAS PARA PROYECTOS DE APR (40023687-0),,,,,6,GASTOS,True,MODIFICACIÓN N°6.csv,16
c749d9d9-2a42-4c85-864c-93b3d28a8b43,24,03,436,SEREMI DE BIENES NACIONALES - SANEAMIENTO DE TÍTULOS DE DOMINIO EN LAS 21 COMUNAS DE LA REGIÓN DE ÑUBLE (40024729-0),,,,,6,GASTOS,True,MODIFICACIÓN N°6.csv,17
fb95ee42-631f-4e23-b7ed-00b257f22bd1,24,03,485,CONAF - TRANSFERENCIA GESTORES DE LA PREVENCIÓN ANTE INCENDIOS FORESTALES DE LA REGIÓN DE ÑUBLE (40059053-0),,,,,6,GASTOS,True,MODIFICACIÓN N°6.csv,18
0356983b-8a18-404d-90d4-30a1f719ceb5,29,,,ADQUISICIÓN DE ACTIVOS NO FINANCIEROS,,,,,6,GASTOS,True,MODIFICACIÓN N°6.csv,19
c5409f7e-653b-4270-89ae-30a25029edd6,29,03,,VEHÍCULOS,,,,,6,GASTOS,True,MODIFICACIÓN N°6.csv,20
71464635-c3c6-42d0-b0f4-2e7b7a62f8a0,29,05,,MÁQUINAS Y EQUIPOS,,,,,6,GASTOS,True,MODIFICACIÓN N°6.csv,21
92f09056-3bcf-490f-a946-e2965a9e3232,31,,,INICIATIVAS DE INVERSIÓN,,,,,6,GASTOS,True,MODIFICACIÓN N°6.csv,22
9d125ded-a47f-4959-a9e3-f9d2bbe3e00d,31,01,,ESTUDIOS BÁSICOS,,,,,6,GASTOS,True,MODIFICACIÓN N°6.csv,23
bb7cbe2e-8b9f-48c5-8c6d-6813d1bdf81a,32,,,PRÉSTAMOS,,,,,6,GASTOS,True,MODIFICACIÓN N°6.csv,24
cf5b1bc6-42a3-462c-af06-91cc14a8d85f,32,06,,POR ANTICIPOS A CONTRATISTAS,,,,,6,GASTOS,True,MODIFICACIÓN N°6.csv,25
a2f202ca-88d3-4c9d-8bb5-fecabbfcadeb,33,,,TRANSFERENCIAS DE CAPITAL,,,,,6,GASTOS,True,MODIFICACIÓN N°6.csv,26
3e2f4fc1-644b-4b8c-8a57-7f5e6e9026d5,33,01,,AL SECTOR PRIVADO,,,,,6,GASTOS,True,MODIFICACIÓN N°6.csv,27
67465f33-0f97-4f6d-8b19-d07e33def2a9,33,01,001,JUNTA NACIONAL DE CUERPOS DE BOMBEROS DE CHILE,,,,,6,GASTOS,True,MODIFICACIÓN N°6.csv,28
17bb5c41-0b14-4daa-b01a-22a68bfb2fde,33,03,,A OTRAS ENTIDADES PÚBLICAS,,,,,6,GASTOS,True,MODIFICACIÓN N°6.csv,29
d799efb1-1ce6-406f-a71e-4b552e2bd5d9,33,03,125,MUNICIPALIDADES (FONDO REGIONAL DE INICIATIVA LOCAL),,,,,6,GASTOS,True,MODIFICACIÓN N°6.csv,30
a64f0e4c-8702-49d4-ac09-ca09c84d7e34,33,03,420,SEREMI DE MEDIO AMBIENTE - RECAMBIO DE CALEFACTORES CHILLÁN Y CHILLÁN VIEJO (40020934-0),,,,,6,GASTOS,True,MODIFICACIÓN N°6.csv,31
800e5ba3-86f0-4722-9ee0-0011e97ea229,13,,,TRANSFERENCIAS PARA GASTOS DE CAPITAL,,,,,7,GASTOS,True,MODIFICACIÓN N°7.csv,12
d81182b4-6b4e-4a28-af72-9356c5946a53,13,03,,A OTRAS ENTIDADES PÚBLICAS,,,,,7,GASTOS,True,MODIFICACIÓN N°7.csv,13
f010f3ad-5eac-4d66-8cd2-9dc090ba8fb4,24,,,TRANSFERENCIAS CORRIENTES,,,,,7,GASTOS,True,MODIFICACIÓN N°7.csv,14
aac9a779-cc08-4915-a59a-e7ef40fc9f5e,24,03,,A OTRAS ENTIDADES PÚBLICAS,,,,,7,GASTOS,True,MODIFICACIÓN N°7.csv,15
1aea318c-eb8b-49f1-88b1-9a37b151abe4,24,426,,SUBSECRETARÍA DE TELECOMUNICACIONES DE CHILE - TRANSFERENCIA FONDO DESARROLLO DE LAS TELECOMUNICACIONES FIBRA ÓPTICA ÑUBLE - ÚLTIMA MILLA (40033167-0),,,,,7,GASTOS,True,MODIFICACIÓN N°7.csv,16
4cf359b3-6304-41fa-a8bb-a9a9ed1bd980,24,490,,"MEJORANDO LA CALIDAD DE LA EDUCACIÓN, REGIÓN DE ÑUBLE - MUNICIPALIDADES.",,,,,7,GASTOS,True,MODIFICACIÓN N°7.csv,17
d761e49e-5ba5-4d99-995d-2cdf23c8603e,24,,,TRANSFERENCIAS CORRIENTES,,,,,8,GASTOS,True,MODIFICACIÓN N°8.csv,11
ffa2764c-96e7-4e82-88cf-2465d6af5c1a,24,01,,AL SECTOR PRIVADO,,,,,8,GASTOS,True,MODIFICACIÓN N°8.csv,12
65f47736-49f9-42f9-8c0f-deb39a34f1ca,24,01,300,CONCURSO DE VINCULACIÓN CON LA COMUNIDAD,,,,,8,GASTOS,True,MODIFICACIÓN N°8.csv,13
6626e0b0-18fe-4680-a1ec-2f82b002dda9,24,03,,A OTRAS ENTIDADES PÚBLICAS,,,,,8,GASTOS,True,MODIFICACIÓN N°8.csv,14
b62af9c4-c70e-4bab-aaf5-0a23d2d352ca,24,03,300,CONCURSO DE VINCULACIÓN CON LA COMUNIDAD,,,,,8,GASTOS,True,MODIFICACIÓN N°8.csv,15
b17cb60e-1239-4a34-9e31-51b743a90a90,13,,,TRANSFERENCIAS PARA GASTOS DE CAPITAL,,,,,7,GASTOS,True,MODIFICACIÓN Nº7.csv,11
5f4bceaf-4126-45b7-b0a4-da057a8b03a8,13,03,,DE OTRAS ENTIDADES PÚBLICAS,,,,,7,GASTOS,True,MODIFICACIÓN Nº7.csv,12
5898d182-cf40-48b9-8982-a59bbed2da35,32,,,PRÉSTAMOS,,,,,7,GASTOS,True,MODIFICACIÓN Nº7.csv,13
9e034028-ca8e-4148-986b-3839a778a369,32,06,,ANTICIPOS A CONTRATISTAS,,,,,7,GASTOS,True,MODIFICACIÓN Nº7.csv,14
264f2a89-0fe8-44a6-bc2a-aede306cf27a,24,,,TRANSFERENCIAS CORRIENTES,,,,,9,GASTOS,True,MODIFICACIÓN Nº9.csv,11
9868790b-54f9-4274-b605-16df47698035,24,01,,AL SECTOR PRIVADO,,,,,9,GASTOS,True,MODIFICACIÓN Nº9.csv,12
b6bd7092-8d29-4be8-a975-946867a40c85,24,01,252,INSTITUTO VIRGINIO GÓMEZ - TRANSFERENCIA PLAN ESTRATÉGICO DE INNOVACIÓN SOSTENIBLE PARA LA MOVILIDAD URBANA (40044426-0),,,,,9,GASTOS,True,MODIFICACIÓN Nº9.csv,13
81661b74-797c-4286-860e-fdff6efb55c9,24,01,264,INSTITUTO INVESTIGACIONES AGROPECUARIAS - BIOINOCULANTE PARA PRODUCCIÓN SUSTENTABLE DE TRIGO (40050689-0),,,,,9,GASTOS,True,MODIFICACIÓN Nº9.csv,14
2e5c972c-111b-478a-bdf3-83ab025cb2cc,24,01,266,UNIVERSIDAD CATÓLICA DE LA SANTÍSIMA CONCEPCIÓN - PLAN DE ACCIÓN PARA ADOPCIÓN ELECTROMOVILIDAD ÑUBLE (40050692-0),,,,,9,GASTOS,True,MODIFICACIÓN Nº9.csv,15
23ef9c1f-46ae-413d-b369-ccac307c13c8,24,01,275,UNIVERSIDAD CATÓLICA DE LA SANTÍSIMA CONCEPCIÓN - TRANSFERENCIA RED DE PRODUCTORES AGRÍCOLAS PARA LAS COMPRAS PÚBLICAS PARA LA REGIÓN DE ÑUBLE (40058764-0),,,,,9,GASTOS,True,MODIFICACIÓN Nº9.csv,16
def95688-0a26-4496-a0ec-7f1e22534eb9,24,01,276,UNIVERSIDAD ADVENTISTA DE CHILE - TRANSFERENCIA PLATAFORMA WEB-APP MÓVIL INTEGRADA EN RED PARA REDUCIR MORTALIDAD/ MORBILIDAD POR INFARTO AGUDO AL MIOCARDIO Y ACCIDENTE VASCULAR ENCEFÁLICO (40058752-0),,,,,9,GASTOS,True,MODIFICACIÓN Nº9.csv,17
0cb6d09c-98ea-48e5-bcf2-7cc9f6ba05b2,24,03,,A OTRAS ENTIDADES PÚBLICAS,,,,,9,GASTOS,True,MODIFICACIÓN Nº9.csv,18
a16d8036-97a6-4175-a37f-d373f5e5aacc,24,03,426,SUBSECRETARÍA DE TELECOMUNICACIONES DE CHILE - TRANSFERENCIA FONDO DESARROLLO DE LAS TELECOMUNICACIONES FIBRA ÓPTICA ÑUBLE - ÚLTIMA MILLA (40033167-0),,,,,9,GASTOS,True,MODIFICACIÓN Nº9.csv,19
4ae79ad3-4cd1-4693-a7d4-4bbf465b442d,24,03,447,CORFO - TRANSFERENCIA FORTALECIMIENTO Y ATRACCIÓN DE INVERSIONES PRODUCTIVAS DE BASE TECNOLÓGICA - IFI M (40021028-0),,,,,9,GASTOS,True,MODIFICACIÓN Nº9.csv,20
cf8f6bb4-d9c1-4a3a-8afb-20c32138ad2e,24,03,474,"UNIVERSIDAD DEL BIO BIO - TRANSFERENCIA PLATAFORMA INTEROPERABLE, PARA EL MANEJO DE LISTAS DE ESPERA EN (40058654-0)",,,,,9,GASTOS,True,MODIFICACIÓN Nº9.csv,21
e9e648ee-ad3e-4336-8a80-8007a06c2cdd,24,03,475,UNIVERSIDAD DEL BIO BIO - TRANSFERENCIA PREVENCIÓN Y DETECCIÓN PRECOZ DE CÁNCER COLORRECTAL PARA LA REGIÓN DE ÑUBLE (40058702-0),,,,,9,GASTOS,True,MODIFICACIÓN Nº9.csv,22
1ac0a0d1-d150-43ea-b9e8-e3d0a2eff909,24,03,477,CORFO - TRANSFERENCIA REACTIVACIÓN Y TRANSFORMACIÓN ECONÓMICA DE LAS MI PYMES DE LA REGIÓN DE ÑUBLE (40048669-0),,,,,9,GASTOS,True,MODIFICACIÓN Nº9.csv,24
41c7f141-b342-4750-8096-4a28e82238e7,24,03,479,SERCOTEC - TRANSFERENCIA PROGRAMAS ESPECIALES DE FOMENTO PRODUCTIVO PARA LA REGIÓN DE ÑUBLE (40056384-0),,,,,9,GASTOS,True,MODIFICACIÓN Nº9.csv,25
b3215f85-00bc-4976-887e-37334896dc72,24,03,487,UNIVERSIDAD DEL BIO BÍO - TRANSFERENCIA GESTIÓN COLABORATIVA EN SALUD PÚBLICA (POLO DE SALUD) PARA LA REGIÓN DE ÑUBLE (40057788-0),,,,,9,GASTOS,True,MODIFICACIÓN Nº9.csv,30
da20b52e-8e96-41e5-b1be-fbf4d2fe42e9,31,,,INICIATIVAS DE INVERSIÓN,,,,,9,GASTOS,True,MODIFICACIÓN Nº9.csv,31
292bc107-ad4e-49df-9ea0-bf82653e0293,31,02,,PROYECTOS,,,,,9,GASTOS,True,MODIFICACIÓN Nº9.csv,32
58ba8e0c-bbce-4c43-8f1c-3e5169771a5c,13,,,TRANSFERENCIAS PARA GASTOS DE CAPITAL,,,,,5,GASTOS,True,REBAJA 5%.csv,10
4c76f3f5-179b-45bd-ad34-b0b19d271766,13,03,,DE OTRAS ENTIDADES PÚBLICAS,,,,,5,GASTOS,True,REBAJA 5%.csv,11
baa57d81-dd8e-4bf8-b57e-4712ca807f20,33,,,TRANSFERENCIAS DE CAPITAL,,,,,5,GASTOS,True,REBAJA 5%.csv,13
8ada7fa8-924f-4bbe-8ad4-5a36a41aeaa5,33,03,,A OTRAS ENTIDADES PÚBLICAS,,,,,5,GASTOS,True,REBAJA 5%.csv,14
32f59403-c0c6-491b-b0c4-06e9d444c7d8,33,03,999,PROVISIÓN FONDO PARA LA PRODUCTIVIDAD Y EL DESARROLLO(SIN DISTRIBUIR),,,,,5,GASTOS,True,REBAJA 5%.csv,15
5d9fbdd4-a0b6-4c94-bea1-be502b1f7672,13,,,TRANSFERENCIAS PARA GASTOS DE CAPITAL,,,,,6,GASTOS,False,REBAJA FUNC. N°6 sin efecto.csv,11
783bbf28-c828-4019-88a5-0e9399a734c6,13,03,,DE OTRAS ENTIDADES PÚBLICAS,,,,,6,GASTOS,False,REBAJA FUNC. N°6 sin efecto.csv,12
8edb7001-a052-4b98-9808-82f5c013ece3,31,,,INICIATIVAS DE INVERSIÓN,,,,,6,GASTOS,False,REBAJA FUNC. N°6 sin efecto.csv,13
1ca96dbb-353f-481c-8484-be4482e1df08,31,02,,PROYECTOS,,,,,6,GASTOS,False,REBAJA FUNC. N°6 sin efecto.csv,14
2cb52e81-494b-4141-9812-949e454357f6,13,,,TRANSFERENCIAS PARA GASTOS DE CAPITAL,,,,,9,GASTOS,True,REBAJA FUNC. N°9.csv,10
fbd0effb-4e97-453b-997c-d4a9dc0ef22d,13,03,,DE OTRAS ENTIDADES PÚBLICAS,,,,,9,GASTOS,True,REBAJA FUNC. N°9.csv,11
08a2280d-2d02-419e-8068-9066a36c1cfa,24,,,TRANSFERENCIAS CORRIENTES,,,,,9,GASTOS,True,REBAJA FUNC. N°9.csv,12
94a701a0-f5c7-4049-a005-57455343f132,24,03,,A OTRAS ENTIDADES PÚBLICAS,,,,,9,GASTOS,True,REBAJA FUNC. N°9.csv,13
8a918841-968e-4877-9655-7761d54bb7de,24,03,426,TRANSFERENCIA FONDO DESARROLLO DE LAS TELECOMUNICACIONES FIBRA ÓPTICA ÑUBLE - ÚLTIMA MILLA (40033167-0),,,,,9,GASTOS,True,REBAJA FUNC. N°9.csv,14
