,SOLICITA,FOLIO,FECHA DOCTO,MATERIA,FIRMA,OBSERVACIONES,LINK AL DOCUMENTO,ESTADO
,psp,00163,26-12-2024,"APRUEBA CONVENIO MANDATO PARA LA EJECUCIÓN DEL PROYECTO “CONSERVACIÓN HOSPITAL HERMINDA MARTÍN DE CHILLÁN”, Código BIP 40026156- 0",OSCAR CRISOSTOMO LLANOS,DOC DIGITAL ,https://drive.google.com/drive/folders/1umWQNs6DcbcpPArXzzGy9zS0pWCX_jvA?usp=drive_link,EN TRAMITE
,ahm,00162,26-12-2024,"MODIFÍQUESE ASIGNACIONES IDENTIFICATORIAS DE INICIATIVAS DE INVERSIÓN DE ESTUDIOS BÁSICOS Y PROYECTOS DE INVERSIÓN DEL PROGRAMA DE INVERSIÓN REGIONAL REGIÓN XVI”, SUBTÍTULO 31, INICIATIVAS DE INVERSIÓN DE LA REGIÓN DE ÑUBLE AÑO 2024.",OSCAR CRISOSTOMO LLANOS,DOC DIGITAL ,https://drive.google.com/drive/folders/1y40mfLQQf5RBTxCh0kA4TqTlyctVd6mR?usp=drive_link,EN TRAMITE
,jsm,00161,26-12-2024,MODIFÍCASE EL PRESUPUESTO DE INVERSIÓN DEL GOBIERNO REGIONAL DE ÑUBLE,OSCAR CRISOSTOMO LLANOS,DOC DIGITAL ,https://drive.google.com/drive/folders/1RaQ059ORXY5_ycE8DYJojoKfveyIMyS0?usp=drive_link,EN TRAMITE
,fsc,00160,20-12-2024,"AUTORIZA AUMENTO DE PLAZO EN LA EJECUCIÓN DEL PROYECTO “ADQUISICIÓN DE CÁMARAS DE TELEVIGILANCIA REGIÓN DE ÑUBLE”, CÓDIGO BIP 40016354-0 ID 1036569-18-LR23, CUYAS BASES ADMINISTRATIVAS GENERALES Y ESPECIFICACIONES TÈCNICAS FUERAN APROBADAS POR RESOLUCIÓN AFECTA N.º 104, DE 2023, Y SU CONTRATO POR RESOLUCION AFECTA N.º 02 DE 2024, AMBAS DEL GOBIERNO REGIONAL DE ÑUBLE.",OSCAR CRISOSTOMO LLANOS,DOC DIGITAL ,https://drive.google.com/drive/folders/1bJRsLEUlBe3tya8CLl7uMbNjFQkpO8fg?usp=drive_link,EN TRAMITE
,ahm,00159,20-12-2024,MODIFÍCASE EL PRESUPUESTO DE INVERSIÓN DEL GOBIERNO REGIONAL DE ÑUBLE,OSCAR CRISOSTOMO LLANOS,DOC DIGITAL ,https://drive.google.com/drive/folders/13jBZS43zVCxqGCRq0IvV4bbSO5A9JUTO?usp=drive_link,EN TRAMITE
,psp,00158,19-12-2024,"APRUEBA MODIFICACIÓN DE CONVENIO MANDATO DEL PROYECTO “CONSTRUCCIÓN INSTITUTO REHABILITACIÓN INFANTIL TELETÓN ÑUBLE”, CÓDIGO BIP 40045992-0.",OSCAR CRISOSTOMO LLANOS,DOC DIGITAL ,https://drive.google.com/drive/folders/1LhoaD6m__9RkKMUNf_5LS1wbpsGS90D8?usp=drive_link,EN TRAMITE
,psp,00157,19-12-2024,"APRUEBA CONVENIO MANDATO PARA LA EJECUCIÓN DEL PROYECTO “CONSERVACIÓN VEREDAS POBLACIÓN KENNEDY Y OTROS SECTORES, CHILLÁN”, Código BIP 40038644-0.",OSCAR CRISOSTOMO LLANOS,DOC DIGITAL ,https://drive.google.com/drive/folders/1StCn3qTrshMGAIN5k79jUmXn3nOXSH_G?usp=drive_link,EN TRAMITE
,cnr,00156,13-12-2024,"APRUEBA MODIFICACIÓN DE CONVENIO DE TRANSFERENCIA DEL PROGRAMA “TRANSFERENCIA PROGRAMA DE INVERSIÓN EN LA COMUNIDAD, REGIÓN DE ÑUBLE, AÑO 2024, CÓDIGO BIP: 40059287-0",RUBEN SANDOVAL GANGAS ,DOC DIGITAL ,https://drive.google.com/file/d/16bTe3nSAP5kYj6AzCalgR441CHv-wKuU/view?usp=drive_link,EN TRAMITE
,gsg,00155,11-12-2024,MODIFICA PRESUPUESTO DE FUNCIONAMIENTO AÑO 2024 GOBIERNO REGIONAL DE ÑUBLE.,OSCAR CRISOSTOMO LLANOS,DOC DIGITAL ,https://drive.google.com/file/d/1ZKWjp4saJSjvVdw3cerMJ_aUsBC_iO7R/view?usp=drive_link,EN TRAMITE
,psp,00154,10-12-2024,"APRUEBA CONVENIO MANDATO PARA LA EJECUCIÓN DEL PROYECTO “CONSERVACIÓN VEREDAS POBLACIÓN KENNEDY Y OTROS SECTORES, CHILLÁN”, Código BIP 40038644-0",OSCAR CRISOSTOMO LLANOS,DOC DIGITAL ,https://drive.google.com/drive/folders/1j-l61nrR6LnT3_WjI21nyUcwqgUgeDOX?usp=drive_link,EN TRAMITE
,ahm,00153,09-12-2024,MODIFÍCASE EL PRESUPUESTO DE INVERSIÓN DEL GOBIERNO REGIONAL DE ÑUBLE,OSCAR CRISOSTOMO LLANOS,DOC DIGITAL ,https://drive.google.com/drive/folders/1eiqFDXBhUcs8x3IUMuO4oQH4LGcUk9kz?usp=drive_link,EN TRAMITE
,gsg,00152,05-12-2024,MODIFICA PRESUPUESTO DE FUNCIONAMIENTO AÑO 2024 GOBIERNO REGIONAL DE ÑUBLE.,OSCAR CRISOSTOMO LLANOS,DOC DIGITAL ,https://drive.google.com/drive/folders/1rf6OvUrGqYQGRY-usaqZZJ43O1NcOJee?usp=drive_link,EN TRAMITE
,rpp,00151,05-12-2024,"APRUEBA BASES ADMINISTRATIVAS GENERALES, ESPECIFICAS, PLANOS Y ANEXOS, AUTORIZA EL LLAMADO AL PROCESO DE LICITACIÓN PÚBLICA, DESIGNA COMISIÓN DE APERTURA Y EVALUACIÓN DEL PROYECTO ""REPOSICIÓN CUARTEL DE BOMBEROS 5° COMPAÑÍA DE CHILLÁN”, CÓDIGO BIP 40013760-0.",OSCAR CRISOSTOMO LLANOS,DOC DIGITAL ,https://drive.google.com/drive/folders/1n9Oe-ixy2l0xHvhYiuBhsQZ2SHzLfMud?usp=drive_link,EN TRAMITE
,ahm,00150,05-12-2024,"CRÉESE Y MODIFÍQUESE ASIGNACIONES IDENTIFICATORIAS DE INICIATIVAS DE INVERSIÓN DE ESTUDIOS BÁSICOS Y PROYECTOS DE INVERSIÓN DEL PROGRAMA DE INVERSIÓN REGIONAL REGIÓN XVI”, SUBTÍTULO 31, INICIATIVAS DE INVERSIÓN DE LA REGIÓN DE ÑUBLE AÑO 2024.",OSCAR CRISOSTOMO LLANOS,DOC DIGITAL ,https://drive.google.com/drive/folders/1pkTHmFpFnZp2fph2Qfa6h_KJvPP8bhM2?usp=drive_link,TOMADA DE RAZON
,jsm,00149,02-12-2024,"APRUEBA CONVENIO MANDATO PARA LA EJECUCIÓN DEL PROYECTO “REPOSICIÓN CUARTEL CUERPO DE BOMBEROS DE TREHUACO”, CÓDIGO BIP 40029660-0",OSCAR CRISOSTOMO LLANOS,DOC DIGITAL ,https://drive.google.com/drive/folders/1_hxQ5B9Ci_geR2h6oAevK1yy9S1_Yjsr?usp=drive_link,EN TRAMITE
,ahm,00148,19-11-2024,"MODIFÍQUESE ASIGNACIONES IDENTIFICATORIAS DE INICIATIVAS DE INVERSIÓN DE ESTUDIOS BÁSICOS Y PROYECTOS DE INVERSIÓN DEL PROGRAMA DE INVERSIÓN REGIONAL REGIÓN XVI”, SUBTÍTULO 31, INICIATIVAS DE INVERSIÓN DE LA REGIÓN DE ÑUBLE AÑO 2024",ALICIA CONTRERAS VIELMA,DOC DIGITAL ,https://drive.google.com/drive/folders/1QMKokxlnmwRLNGrG6zfTImyYw2bu6QMl?usp=drive_link,EN TRAMITE
,ahm,00147,15-11-2024,"MODIFÍQUESE ASIGNACIONES IDENTIFICATORIAS DE INICIATIVAS DE INVERSIÓN DE ESTUDIOS BÁSICOS Y PROYECTOS DE INVERSIÓN DEL PROGRAMA DE INVERSIÓN REGIONAL REGIÓN XVI”, SUBTÍTULO 31, INICIATIVAS DE INVERSIÓN DE LA REGIÓN DE ÑUBLE AÑO 2024.",OSCAR CRISOSTOMO LLANOS,DOC DIGITAL ,https://drive.google.com/drive/folders/1QHCyfcbpid00pymvckgOJ9ChsOa1FQVL?usp=drive_link,EN TRAMITE
,jsm,00146,15-11-2024,"APRUEBA CONVENIO MANDATO PARA LA EJECUCIÓN DEL PROYECTO “REPOSICIÓN TOTAL ESCUELA FELIPE CUBILLOS SIGAL, COMUNA DE COELEMU”, Código BIP 40021911-0",OSCAR CRISOSTOMO LLANOS,DOC DIGITAL ,,EN TRAMITE
,jsm,00145,13-11-2024,"APRUEBA CONVENIO DE TRANSFERENCIA PARA LA EJECUCIÓN DEL PROGRAMA “TRANSFERENCIA GESTORES DE LA PREVENCIÓN ANTE INCENDIOS FORESTALES DE LA REGIÓN DE ÑUBLE”, CÓDIGO BIP 40059053-0.",OSCAR CRISOSTOMO LLANOS,DOC DIGITAL ,https://drive.google.com/drive/folders/1NYtLBdtHyhUuPJpLVYXaNjBTNw1Ra21b?usp=drive_link,CON ALCANCE
,ahm,00144,08-11-2024,"
MODIFÍCASE EL PRESUPUESTO DE INVERSIÓN DEL GOBIERNO REGIONAL DE ÑUBLE",ALICIA CONTRERAS VIELMA,DOC DIGITAL ,,TOMADA DE RAZON
,psp,00143,06-11-2024,"MODIFÍQUESE ASIGNACIONES IDENTIFICATORIAS DE INICIATIVAS DE INVERSIÓN DE ESTUDIOS BÁSICOS Y PROYECTOS DE INVERSIÓN DEL PROGRAMA DE INVERSIÓN REGIONAL REGIÓN XVI”, SUBTÍTULO 31, INICIATIVAS DE INVERSIÓN DE LA REGIÓN DE ÑUBLE AÑO 2024.",OSCAR CRISOSTOMO LLANOS,DOC DIGITAL ,https://drive.google.com/drive/folders/1STu4vD-gIOHe1CSQz_2HwIlQ94nuSxYi?usp=drive_link,TOMADA DE RAZON
,cae,00142,06-11-2024,"MODIFICA RESOLUCIÓN AFECTA 7B N° 82, DE 30 DE JULIO DE 2024, DEL GOBIERNO REGIONAL DE ÑUBLE QUE APRUEBA BASES ADMINISTRATIVAS GENERALES, ESPECIFICACIONES TÉCNICAS Y ANEXOS, AUTORIZA EL LLAMADO AL PROCESO DE LICITACIÓN PÚBLICA, DESIGNA COMISIÓN DE APERTURA Y EVALUACIÓN DEL PROYECTO “ADQUISICIÓN DE MAQUINARIAS Y VEHÍCULOS PARA ÑUBLE”, CÓDIGO BIP 40062691-0, POR LOS MOTIVOS QUE INDICA.",OSCAR CRISOSTOMO LLANOS,DOC DIGITAL ,https://drive.google.com/drive/folders/1G_sZpfjYBFTQohL4w1YV66reUwp3Vef7?usp=drive_link,TOMADA DE RAZON
,cnr,00141,04-11-2024,"APRUEBA MODIFICACIÓN DE CONVENIO DE “TRANSFERENCIA PROGRAMA DE APOYO A FERIANTES DE LA REGIÓN DE ÑUBLE”, Código BIP 40038746-0",ALICIA CONTRERAS VIELMA,DOC DIGITAL ,https://drive.google.com/drive/folders/1YCFdOTto2RYLs60nsbDMHaKGyhQag2Zl?usp=drive_link,TOMADA DE RAZON
,gsg,00140,30-10-2024,MODIFICA PRESUPUESTO DE FUNCIONAMIENTO AÑO 2024 GOBIERNO REGIONAL DE ÑUBLE.,ALICIA CONTRERAS VIELMA,DOC DIGITAL ,https://drive.google.com/drive/folders/1IFSiwF4-xCZ3tmBwzj8WJWk6JL-FMXuc?usp=drive_link,EN TRAMITE
,psp,00139,24-10-2024,"APRUEBA CONVENIO MANDATO PARA LA EJECUCIÓN DEL PROYECTO “CONSERVACIÓN HOSPITAL HERMINDA MARTÍN DE CHILLÁN”, Código BIP 40026156- 0.",ALICIA CONTRERAS VIELMA,DOC DIGITAL ,https://drive.google.com/drive/folders/1kleEJHgjQd-EazYIAeg5dcmAQcEAA37k?usp=drive_link,EN TRAMITE
,lpo,00138,22-10-2024,MODIFÍCASE EL PRESUPUESTO DE INVERSIÓN DEL GOBIERNO REGIONAL DE ÑUBLE,ALICIA CONTRERAS VIELMA,DOC DIGITAL ,https://drive.google.com/drive/folders/1g6-IglRuszX1M2gl2Q-KGnkuW7nWPgnH?usp=drive_link,TOMADA DE RAZON
,lpo,00137,21-10-2024,"APRUEBA CONVENIO MANDATO PARA LA EJECUCIÓN DEL PROYECTO “REPOSICIÓN AVENIDA NUESTRA SEÑORA DEL ROSARIO, COMUNA DE NINHUE”, Código BIP 40054644-0.",ALICIA CONTRERAS VIELMA,DOC DIGITAL ,https://drive.google.com/drive/folders/1gSnOjF2TRn2SPalMIQqDrb5lnnwSuAXS?usp=drive_link,TOMADA DE RAZON
,ech,00136,21-10-2024,"APRUEBA MODIFICACIÓN DE CONVENIO DE TRANSFERENCIA DEL PROYECTO “CONTROL DE LA PRESENCIA DE LA PLAGA DROSOPHILA SUZUKII EN LA REGIÓN DE ÑUBLE” , CÓDIGO BIP 40031258-0",ALICIA CONTRERAS VIELMA,DOC DIGITAL ,https://drive.google.com/drive/folders/1GhA4OPt-Rwu1aJiSiePXlKD9YNh91PTP?usp=drive_link,TOMADA DE RAZON
,mqv,00135,18-10-2024,"APRUEBA CONVENIO DE TRANSFERENCIA PARA LA EJECUCIÓN DEL PROGRAMA “TRANSFERENCIA FORTALECIMIENTO DEL TURISMO SOCIAL EN LA REGIÓN DE ÑUBLE”, CÓDIGO BIP 40058836-0.",ALICIA CONTRERAS VIELMA,DOC DIGITAL ,https://drive.google.com/drive/folders/1Epx_8ZSTuZ4jOYwT6Koq2OB7vvbtOPGb?usp=drive_link,CON ALCANCE
,psp,00134,16-10-2024,"CRÉESE Y MODIFÍQUESE ASIGNACIONES IDENTIFICATORIAS DE INICIATIVAS DE INVERSIÓN DE ESTUDIOS BÁSICOS Y PROYECTOS DE INVERSIÓN DEL PROGRAMA DE INVERSIÓN REGIONAL REGIÓN XVI”, SUBTÍTULO 31, INICIATIVAS DE INVERSIÓN DE LA REGIÓN DE ÑUBLE AÑO 2024.",ALICIA CONTRERAS VIELMA,DOC DIGITAL ,https://drive.google.com/drive/folders/1eEnyV6DGfVyhnxBoIXqqY_Ai_sBiaQru?usp=drive_link,TOMADA DE RAZON
,psp,00133,16-10-2024,"APRUEBA CONVENIO MANDATO PARA LA EJECUCIÓN DEL PROYECTO “CONSERVACIÓN LICEO DE CAMPANARIO, YUNGAY”, Código BIP 40022275-0.",ALICIA CONTRERAS VIELMA,DOC DIGITAL ,https://drive.google.com/drive/folders/1kjCnhwXlcO9yaxWsUOJ36d-fPv1Zv0FC?usp=drive_link,TOMADA DE RAZON
,ahm,00132,10-10-2024,"CRÉESE Y MODIFÍQUESE ASIGNACIONES IDENTIFICATORIAS DE INICIATIVAS DE INVERSIÓN DE ESTUDIOS BÁSICOS Y PROYECTOS DE INVERSIÓN DEL PROGRAMA DE INVERSIÓN REGIONAL REGIÓN XVI”, SUBTÍTULO 31, INICIATIVAS DE INVERSIÓN DE LA REGIÓN DE ÑUBLE AÑO 2024.",ALICIA CONTRERAS VIELMA,DOC DIGITAL ,https://drive.google.com/drive/folders/1DR5MAGbB_e9UeZGknokErHDje1S4hOhI?usp=drive_link,TOMADA DE RAZON
,mqv,00131,07-10-2024,"APRUEBA MODIFICACIÓN DE CONVENIO MANDATO DEL PROYECTO “REPOSICIÓN GIMNASIO MUNICIPAL DE COIHUECO”, CÓDIGO BIP 30002297-0.",ALICIA CONTRERAS VIELMA,DOC DIGITAL ,https://drive.google.com/drive/folders/1mQx_nJThBkRl434KVfa4GxgUhUSWjND6?usp=drive_link,TOMADA DE RAZON
,eja,00130,04-10-2024,"APRUEBA MODIFICACIÓN DE CONVENIO DE TRANSFERENCIA DEL PROYECTO “TRANSFERENCIA PARA EL TURISMO SUSTENTABLE DE MONTAÑA”, CÓDIGO BIP 40032591-0.",ALICIA CONTRERAS VIELMA,DOC DIGITAL ,https://drive.google.com/drive/folders/12ZDsY1o3nZuIJG-1KAORHEOmDGJcwR4S?usp=drive_link,TOMADA DE RAZON
,lpo,00129,04-10-2024,"APRUEBA CONVENIO MANDATO PARA LA EJECUCIÓN DEL PROYECTO “CONSERVACIÓN ESCUELA GLORIAS NAVALES, COMUNA DE NINHUE”, Código BIP 40049791-0",ALICIA CONTRERAS VIELMA,DOC DIGITAL ,https://drive.google.com/drive/folders/1DxrS1X-ZIn-zFwxi0w_BrkWw1xma7Sik?usp=drive_link,TOMADA DE RAZON
,psp,00128,04-10-2024,"APRUEBA CONVENIO MANDATO PARA LA EJECUCIÓN DEL PROYECTO “CONSTRUCCIÓN GIMNASIO MUNICIPAL, COMUNA DE PINTO”, Código BIP 40049141-0.",ALICIA CONTRERAS VIELMA,DOC DIGITAL ,https://drive.google.com/drive/folders/1x90HE1qA-Je61iYJ_Jb6rzjSS037QiQ6?usp=drive_link,TOMADA DE RAZON
,lpo,00127,04-10-2024,DADA DE BAJA ,ALICIA CONTRERAS VIELMA,DOC DIGITAL ,DAR DE BAJA POR ERROR EN DIGITACIÓN  (RE 921),
,lpo,00126,04-10-2024,"APRUEBA CONVENIO MANDATO PARA LA EJECUCIÓN DEL PROYECTO “CONSTRUCCIÓN CANCHA FÚTBOL SECTOR HUALTE, COMUNA DE NINHUE”, Código BIP 40059771-0.",ALICIA CONTRERAS VIELMA,DOC DIGITAL ,https://drive.google.com/file/d/1nKmjs5txMpYP-NvRDq6Zg0Y6ZGfEtN50/view?usp=drive_link,TOMADA DE RAZON
,pnj,00125,04-10-2024,"AUTORIZA AUMENTO DE PLAZO EN LA EJECUCIÓN DEL CONVENIO DE TRANSFERENCIA DE RECURSOS PARA EL PROGRAMA FIC “TRANSFERENCIA GESTIÓN DE CALIDAD DE AGUA PARA RIEGO EN RÍO ÑUBLE”, CÓDIGO BIP 40032584-0. APROBADO POR RESOLUCIÓN AFECTA N.º 56, DE 2021, DEL GOBIERNO REGIONAL DE ÑUBLE.",ALICIA CONTRERAS VIELMA,DOC DIGITAL ,https://drive.google.com/drive/folders/1zDlttPWZ8OIq-9lDRSsvDRD3IlZ5QX9b?usp=drive_link,REPRESENTADA
,lpo,00124,03-10-2024,"APRUEBA CONVENIO MANDATO PARA LA EJECUCIÓN DEL PROYECTO “REPOSICIÓN AVENIDA NUESTRA SEÑORA DEL ROSARIO, COMUNA DE NINHUE”, Código BIP 40054644-0.",ALICIA CONTRERAS VIELMA,DOC DIGITAL ,https://drive.google.com/drive/folders/1eifg0FBm9fHM16AkfMAiofRG4q3utzWh?usp=drive_link,EN TRAMITE
,lpo,00123,03-10-2024,"APRUEBA CONVENIO DE TRANSFERENCIA PARA LA EJECUCIÓN DEL PROGRAMA “TRANSFERENCIA REACTIVACIÓN Y TRANSFORMACIÓN ECONÓMICA DE LAS MIPYMES DE LA REGIÓN DE ÑUBLE”, CÓDIGO BIP 40048669-0.",ALICIA CONTRERAS VIELMA,DOC DIGITAL ,https://drive.google.com/drive/folders/12il4VwksMldQi6Vr-H-C0TbwH9al_KVJ?usp=drive_link,CON ALCANCE
,jbd,00122,03-10-2024,APRUEBA MODIFICACIÓN DE CONVENIO “TRANSFERENCIA TURISMO RURAL PATRIMONIAL VALLE DEL ITATA CÓDIGO BIP 40035947-0.,ALICIA CONTRERAS VIELMA,DOC DIGITAL ,https://drive.google.com/drive/folders/1uyJK7kYFu1l_1J2MV9KLbqT9ydtnieiP?usp=drive_link,TOMADA DE RAZON
,psp,00121,01-10-2024,"APRUEBA CONVENIO MANDATO PARA LA EJECUCIÓN DEL PROYECTO “CONSERVACIÓN VEREDAS POBLACIÓN KENNEDY Y OTROS SECTORES, CHILLÁN”, Código BIP 40038644-0.",ALICIA CONTRERAS VIELMA,DOC DIGITAL ,https://drive.google.com/drive/folders/1u6Pu2CTbl8CFKWclH8VkrbuCLGP6mnl0?usp=drive_link,REPRESENTADA
,psp,00120,26-09-2024,"APRUEBA CONVENIO MANDATO PARA LA EJECUCIÓN DEL PROYECTO “ADQUISICIÓN MAMÓGRAFOS CESFAM VIOLETA PARRA, MICHELL CHANDÍA Y HOSPITAL YUNGAY RED SSÑ”, Código BIP 40055655-0 .",OSCAR CRISOSTOMO LLANOS,DOC DIGITAL ,https://drive.google.com/drive/folders/1VZqCRimyVZD8CQmtOxTsHAdPv6nspma9?usp=drive_link,TOMADA DE RAZON
,psp,00119,26-09-2024,"APRUEBA CONVENIO MANDATO PARA LA EJECUCIÓN DEL PROYECTO “CONSERVACIÓN HOSPITAL HERMINDA MARTÍN DE CHILLÁN”, Código BIP 40026156- 0",OSCAR CRISOSTOMO LLANOS,DOC DIGITAL ,https://drive.google.com/drive/folders/1wEAEoooyKs-UijMLQcdcXmUNz3XUsADY?usp=drive_link,REPRESENTADA
,mqv,00118,26-09-2024,"APRUEBA CONVENIO MANDATO PARA LA EJECUCIÓN DEL PROYECTO “CONSERVACIÓN SALA CUNA Y JARDÍN INFANTIL LOS ENANITOS, SAN NICOLÁS”, Código BIP 40052689-0",OSCAR CRISOSTOMO LLANOS,DOC DIGITAL ,https://drive.google.com/file/d/1cDjJtEsO0VAdWE-OrNLOZHL29pr8qrzJ/view?usp=drive_link,REPRESENTADA
,lpo,00117,26-09-2024,"APRUEBA CONVENIO DE TRANSFERENCIA PARA LA EJECUCIÓN DEL PROGRAMA “TRANSFERENCIA PROGRAMAS ESPECIALES DE FOMENTO PRODUCTIVO PARA LA REGIÓN DE ÑUBLE”, CÓDIGO BIP 40056384-0.",OSCAR CRISOSTOMO LLANOS,DOC DIGITAL ,https://drive.google.com/drive/folders/1ux7o-_e5s3SPoBvi8e8BYs1MW6prSjiZ?usp=drive_link,CON ALCANCE
,psp,00116,26-09-2024,"Aprueba Modificación de Convenio Mandato del Proyecto “CONSTRUCCIÓN LABORATORIOS PARA LA CARRERA DE QUÍMICA Y FARMACIA – UBB REGIÓN DE ÑUBLE”, Código BIP 40048997-0.",OSCAR CRISOSTOMO LLANOS,DOC DIGITAL ,https://drive.google.com/drive/folders/1WdvKq-onBd4dixD0QLNVNNQJ4kXuvrf0?usp=drive_link,TOMADA DE RAZON
,psp,00115,26-09-2024,"MODIFÍQUESE ASIGNACIONES IDENTIFICATORIAS DE INICIATIVAS DE INVERSIÓN DE ESTUDIOS BÁSICOS DEL PROGRAMA DE INVERSIÓN REGIONAL REGIÓN XVI”, SUBTÍTULO 31, INICIATIVAS DE INVERSIÓN DE LA REGIÓN DE ÑUBLE AÑO 2024.",OSCAR CRISOSTOMO LLANOS,DOC DIGITAL ,https://drive.google.com/drive/folders/1mIlx4s2O3yXWbe4te74t-XwGiX1JuOJP?usp=drive_link,EN TRAMITE
,lpo,00114,13-09-2024,"APRUEBA MODIFICACIÓN DE CONVENIO MANDATO DEL PROYECTO “REPOSICIÓN LICEO A-17 COMUNA DE YUNGAY – ETAPA EJECUCIÓN”, CÓDIGO BIP 30386411-0.",OSCAR CRISOSTOMO LLANOS,DOC DIGITAL ,https://drive.google.com/drive/folders/1bpacFu8v1BFGHS2miDEFqUT87sr-Jysu?usp=drive_link,TOMADA DE RAZON
,psp,00113,12-09-2024,"APRUEBA CONVENIO MANDATO PARA LA EJECUCIÓN DEL PROYECTO “CONSERVACIÓN LICEO POLIVALENTE JUAN ARTURO PACHECO ALTAMIRANO, CHILLÁN VIEJO”, Código BIP 40051823-0.",OSCAR CRISOSTOMO LLANOS,DOC DIGITAL ,https://drive.google.com/drive/folders/16oRMEYB5cMr-rscWj536eSvqHQRggeSv?usp=drive_link,TOMADA DE RAZON
,psp,00112,12-09-2024,"APRUEBA CONVENIO DE TRANSFERENCIA DEL PROGRAMA DENOMINADO “TRANSFERENCIA PLATAFORMA INTEROPERABLE, PARA EL MANEJO DE LISTAS DE ESPERA EN ÑUBLE” Código BIP 40058654-0",OSCAR CRISOSTOMO LLANOS,DOC DIGITAL ,https://drive.google.com/drive/folders/1q82Re6M0NO5ipiAe0hfZ_sFM0REXQsE0?usp=drive_link,CON ALCANCE
,psp,00111,12-09-2024,"APRUEBA CONVENIO MANDATO PARA LA EJECUCIÓN DEL PROYECTO “CONSERVACIÓN ESCUELA ESPECIAL LAS ACACIAS, CHILLÁN”, Código BIP 40052872-0.",OSCAR CRISOSTOMO LLANOS,DOC DIGITAL ,https://drive.google.com/drive/folders/18APtEEmUXTXemnKYX19lnM7GpWQTEgvF?usp=drive_link,TOMADA DE RAZON
,psp,00110,12-09-2024,"APRUEBA CONVENIO MANDATO PARA LA EJECUCIÓN DEL PROYECTO “CONSERVACIÓN JARDIN INFANTIL Y SALA CUNA ESTRELLITAS DE LUZ, CHILLÁN”, Código BIP 40052836-0.",OSCAR CRISOSTOMO LLANOS,DOC DIGITAL ,https://drive.google.com/drive/folders/1fiHIdWZ1JF66N6R2k-XwjX8U2LJGFLRW?usp=drive_link,TOMADA DE RAZON
,nlg,00109,10-09-2024,"APRUEBA BASES ADMINISTRATIVAS GENERALES, ESPECIFICACIONES TÉCNICAS Y ANEXOS, AUTORIZA EL LLAMADO AL PROCESO DE LICITACIÓN PÚBLICA, DESIGNA COMISIÓN DE APERTURA Y EVALUACIÓN DEL PROYECTO ""REPOSICIÓN CUARTEL DE BOMBEROS 5° COMPAÑÍA DE CHILLÁN”, CÓDIGO BIP 40013760-0",OSCAR CRISOSTOMO LLANOS,DOC DIGITAL ,https://drive.google.com/drive/folders/14kKonxClGycduqhPvA8IVosK8eEeLz_1?usp=drive_link,REPRESENTADA
,psp,00108,10-09-2024,APRUEBA CONVENIO DE TRANSFERENCIA DEL PROGRAMA DENOMINADO “TRANSFERENCIA CERTIFICACIÓN Y SELLO DE CALIDAD PARA VINOS DE LA REGIÓN DE ÑUBLE” Código BIP 40053301-0,OSCAR CRISOSTOMO LLANOS,DOC DIGITAL ,https://drive.google.com/drive/folders/1faLbls0ub3PnfvamMLcA79WmnyVJtlRJ?usp=drive_link,TOMADA DE RAZON
,psp,00107,10-09-2024,APRUEBA CONVENIO DE TRANSFERENCIA DEL PROGRAMA DENOMINADO “TRANSFERENCIA PREVENCIÓN Y DETECCIÓN PRECOZ DE CÁNCER COLORRECTAL PARA LA REGIÓN DE ÑUBLE” Código BIP 40058702-0,OSCAR CRISOSTOMO LLANOS,DOC DIGITAL ,https://drive.google.com/drive/folders/1prHDWCYebHuNyvIeSnfv7lInEeiNwIWo?usp=drive_link,CON ALCANCE
,psp,00106,10-09-2024,APRUEBA CONVENIO DE TRANSFERENCIA DEL PROGRAMA DENOMINADO “TRANSFERENCIA GESTIÓN COLABORATIVA EN SALUD PÚBLICA (POLO DE SALUD) PARA LA REGIÓN DE ÑUBLE” Código BIP 40057788-0,OSCAR CRISOSTOMO LLANOS,DOC DIGITAL ,https://drive.google.com/drive/folders/1hZFGTnGZOLvMikrZwJLtryRXymwTWd1S?usp=drive_link,TOMADA DE RAZON
,ahm,00105,10-09-2024,MODIFÍCASE EL PRESUPUESTO DE INVERSIÓN DEL GOBIERNO REGIONAL DE ÑUBLE,OSCAR CRISOSTOMO LLANOS,DOC DIGITAL ,https://drive.google.com/drive/folders/1w_SUJGhrkRIKUB7BdUfLAM5lBpqeQJXc?usp=drive_link,TOMADA DE RAZON
,ahm,00104,10-09-2024,"CRÉESE Y MODIFÍQUESE ASIGNACIONES IDENTIFICATORIAS DE INICIATIVAS DE INVERSIÓN DE ESTUDIOS BÁSICOS DEL PROGRAMA DE INVERSIÓN REGIONAL REGIÓN XVI”, SUBTÍTULO 31, INICIATIVAS DE INVERSIÓN DE LA REGIÓN DE ÑUBLE AÑO 2024.",OSCAR CRISOSTOMO LLANOS,DOC DIGITAL ,https://drive.google.com/drive/folders/1_ZxNF_Gejhwipc_URzS8E1lQvl8ij2Je?usp=drive_link,TOMADA DE RAZON
,MQV,00103,05-09-2024,"APRUEBA CONVENIO DE TRANSFERENCIA PARA LA EJECUCIÓN DEL PROGRAMA “TRANSFERENCIA PARA EL FOMENTO AL RIEGO, REGIÓN DE ÑUBLE”, CÓDIGO BIP 40048507-0.",OSCAR CRISOSTOMO LLANOS,DOC DIGITAL ,https://drive.google.com/drive/folders/1bIxiA8NyjOBb7uMu3MBOlduKSryX18pg?usp=drive_link,TOMADA DE RAZON
,psp ,00102,05-09-2024,"APRUEBA CONVENIO MANDATO PARA LA EJECUCIÓN DEL PROYECTO “CONSERVACIÓN LICEO POLIVALENTE LUIS CRUZ MARTÍNEZ, QUILLÓN”, Código BIP 40034891-0.",OSCAR CRISOSTOMO LLANOS,DOC DIGITAL ,https://drive.google.com/drive/folders/1LqMo-kEr9CdfN59KkYBtam_m17ErPW5K?usp=drive_link,TOMADA DE RAZON
,psp,00101,03-09-2024,"APRUEBA CONVENIO MANDATO PARA LA EJECUCIÓN DEL PROYECTO “ADQUISICIÓN TERRENO EN SECTOR VILLA FERROCAR, CHILLÁN”, código BIP 40053769.",OSCAR CRISOSTOMO LLANOS,DOC DIGITAL ,https://drive.google.com/drive/folders/1y0nvCiDbN7r88WD8q1pyB95ee0UN8TTx?usp=drive_link,REPRESENTADA
,psp,00100,30-08-2024,"APRUEBA MODIFICACIÓN DE CONVENIO MANDATO DEL PROYECTO “CONSTRUCCIÓN INSTITUTO REHABILITACIÓN INFANTIL TELETÓN ÑUBLE”, CÓDIGO BIP 40045992-0.",OSCAR CRISOSTOMO LLANOS,DOC DIGITAL ,https://drive.google.com/drive/folders/1OxfWYpaEfpnX-nT8mWevNPc43dokj6lp?usp=drive_link,TOMADA DE RAZON
,psp ,00099,28-08-2024,"CRÉESE Y MODIFÍQUESE ASIGNACIONES IDENTIFICATORIAS DE INICIATIVAS DE INVERSIÓN DE ESTUDIOS BÁSICOS DEL PROGRAMA DE INVERSIÓN REGIONAL REGIÓN XVI”, SUBTÍTULO 31, INICIATIVAS DE INVERSIÓN DE LA REGIÓN DE ÑUBLE AÑO 2024.",OSCAR CRISOSTOMO LLANOS,DOC DIGITAL ,https://drive.google.com/drive/folders/1NTIv5TcsktSRTQF8wHezcGDFpmHVQXW9?usp=drive_link,TOMADA DE RAZON
,psp ,00098,27-08-2024,"APRUEBA CONVENIO MANDATO PARA LA EJECUCIÓN DEL PROYECTO “CONSERVACIÓN GIMNASIO MUNICIPAL, CHILLÁN VIEJO”, Código BIP 40043597-0.",OSCAR CRISOSTOMO LLANOS,DOC DIGITAL ,https://drive.google.com/drive/folders/1xfgI_MsAw-1Kx-zZ_9_5pLr-7PxN0R-E?usp=drive_link,TOMADA DE RAZON
,mqv,00097,14-08-2024,"APRUEBA CONVENIO MANDATO PARA LA EJECUCIÓN DEL PROYECTO “REPOSICIÓN CAMIÓN ALJIBE, COMUNA DE SAN FABIÁN, ASOCIACIÓN PUNILLA, REGIÓN DE ÑUBLE”, CÓDIGO BIP 40035024-0.",OSCAR CRISOSTOMO LLANOS,DOC DIGITAL ,https://drive.google.com/drive/folders/1m8qPsGchndHvNkHAbGp062BdB5RYDw5H?usp=drive_link,TOMADA DE RAZON
,ahm,00096,14-08-2024,MODIFÍCASE EL PRESUPUESTO DE INVERSIÓN DEL GOBIERNO REGIONAL DE ÑUBLE,OSCAR CRISOSTOMO LLANOS,DOC DIGITAL ,https://drive.google.com/drive/folders/1sQmEFazNehY9Yx5-d-onJcdqnaYMdaEy?usp=drive_link,EN TRAMITE
,mqv,00095,14-08-2024,"APRUEBA CONVENIO MANDATO PARA LA EJECUCIÓN DEL PROYECTO “ADQUISICIÓN DE RODILLO Y CAMA BAJA PARA LA COMUNA DE SAN FABIÁN, ASOCIACIÓN PUNILLA”, CÓDIGO BIP 40012982-0.",OSCAR CRISOSTOMO LLANOS,DOC DIGITAL ,https://drive.google.com/drive/folders/1WV0EWYSTpqK1GbeARF6x5R2LcFb6S1mI?usp=drive_link,TOMADA DE RAZON
,ahm,00094,14-08-2024,MODIFÍCASE EL PRESUPUESTO DE INVERSIÓN DEL GOBIERNO REGIONAL DE ÑUBLE,OSCAR CRISOSTOMO LLANOS,DOC DIGITAL ,https://drive.google.com/drive/folders/14Opv0krUHSdwmjqM3O3r08WMGU2a0NqU?usp=drive_link,TOMADA DE RAZON
,mqv,00093,13-08-2024,"APRUEBA CONVENIO DE TRANSFERENCIA PARA LA EJECUCIÓN DEL PROGRAMA “TRANSFERENCIA FRUTICULTURA SOSTENIBLE Y RESILIENTE AL CAMBIO CLIMÁTICO PARA LA REGIÓN DE ÑUBLE”, CÓDIGO BIP 40048139-0.",OSCAR CRISOSTOMO LLANOS,DOC DIGITAL ,https://drive.google.com/drive/folders/1PhJqIvEJ4paOz-5tg11ciVJg4fXeZYEl?usp=drive_link,EN TRAMITE
,psp,00092,12-08-2024,"APRUEBA CONVENIO MANDATO PARA LA EJECUCIÓN DEL PROYECTO “PROSPECCIÓN GEOFÍSICA EN SECTOR RURAL DÉFICIT HÍDRICO VALLE DEL ITATA II”, Código BIP 30488514-0.",OSCAR CRISOSTOMO LLANOS,DOC DIGITAL ,https://drive.google.com/drive/folders/1VcckpiE0PB2PnKCSr2Rv66nc40nXqegK?usp=drive_link,TOMADA DE RAZON
,ahm,00091,08-08-2024,"APRUEBA CONVENIO MANDATO PARA LA EJECUCIÓN DEL PROYECTO “REPOSICIÓN EDIFICIO CONSISTORIAL NINHUE”, Código BIP 40035950-0.",OSCAR CRISOSTOMO LLANOS,DOC DIGITAL ,https://drive.google.com/drive/folders/1oJNBXWE0I1OezUY-eL4hGABWf8SqwZpb?usp=drive_link,TOMADA DE RAZON
,psp,00090,07-08-2024,"CRÉESE Y MODIFÍQUESE ASIGNACIONES IDENTIFICATORIAS DE INICIATIVAS DE INVERSIÓN DE ESTUDIOS BÁSICOS DEL PROGRAMA DE INVERSIÓN REGIONAL REGIÓN XVI”, SUBTÍTULO 31, INICIATIVAS DE INVERSIÓN DE LA REGIÓN DE ÑUBLE AÑO 2024.",OSCAR CRISOSTOMO LLANOS,DOC DIGITAL ,https://drive.google.com/drive/folders/1nfQk6BBgUA_dEky9syEcstTbugK_Pg-d?usp=drive_link,TOMADA DE RAZON
,psp,00089,07-08-2024,"APRUEBA CONVENIO MANDATO PARA LA EJECUCIÓN DEL PROYECTO “MEJORAMIENTO PLANTA DE TRATAMIENTO AS CAMPANARIO, COMUNA DE YUNGAY”, Código BIP 40002330-0.",OSCAR CRISOSTOMO LLANOS,DOC DIGITAL ,https://drive.google.com/drive/folders/1Xr9e7I0oxy-I99gzzhq6cUokREtUvF66?usp=drive_link,TOMADA DE RAZON
,psp,00088,01-08-2024,APRUEBA CONVENIO DE TRANSFERENCIA DEL PROGRAMA DENOMINADO “TRANSFERENCIA CASA DE ACOGIDA PARA PACIENTES Y FAMILIARES DEL HOSPITAL REGIONAL DE ÑUBLE” Código BIP 40055996-0,OSCAR CRISOSTOMO LLANOS,DOCDIGITAL,https://drive.google.com/drive/folders/1AWrgApJ6ztgtO7uHJKfAlDT9ZkKCF8_e?usp=drive_link,TOMADA DE RAZON
,mqv,00087,01-08-2024,"APRUEBA CONVENIO MANDATO PARA LA EJECUCIÓN DEL PROYECTO “ADQUISICIÓN MINI BUS PARA LA COMUNA DE SAN NICOLÁS”, CÓDIGO BIP 40048686-0.",OSCAR CRISOSTOMO LLANOS,DOCDIGITAL,https://drive.google.com/drive/folders/10xAVdHcN1mddJYmLVkms8tF8VPpHI8M5?usp=drive_link,TOMADA DE RAZON
,mqv,00086,01-08-2024,"APRUEBA CONVENIO MANDATO PARA LA EJECUCIÓN DEL PROYECTO “REPOSICIÓN CAMIONES TOLVA COMUNA DE SAN NICOLÁS”, CÓDIGO BIP 40062595-0.",OSCAR CRISOSTOMO LLANOS,DOCDIGITAL,https://drive.google.com/drive/folders/1BZ1fX__bT2_kJtMddvOWdzMaU3IA8z78?usp=drive_link,EN TRAMITE
,mqv,00085,01-08-2024,"APRUEBA CONVENIO MANDATO PARA LA EJECUCIÓN DEL PROYECTO “ADQUISICIÓN CONTENEDORES PLÁSTICOS PARA RECOLECCIÓN DE RESIDUOS SD, SAN NICOLÁS”, CÓDIGO BIP 40054895-0.",OSCAR CRISOSTOMO LLANOS,DOCDIGITAL,https://drive.google.com/drive/folders/1MBRBn96OA87S-mkkqOO6jWZZ7rBblD_v?usp=drive_link,TOMADA DE RAZON
,psp,00084,01-08-2024,"APRUEBA MODIFICACIÓN DE CONVENIO DE TRANSFERENCIA DEL PROGRAMA DENOMINADO “TRANSFERENCIA TECNOLÓGICA PARA LA PRODUCCIÓN DE VINO Y VINIFICACIONES ESPECIALES DE VARIEDADES DISPONIBLES EN EL VALLE DEL ITATA”, CÓDIGO BIP 40038878-0",OSCAR CRISOSTOMO LLANOS,DOCDIGITAL,https://drive.google.com/drive/folders/1weougcT2t-qtVDfuXdchgBUHMmy0SEDr?usp=drive_link,TOMADA DE RAZON
,mqv,00083,30-07-2024,"APRUEBA MODIFICACIÓN DE CONVENIO DE TRANSFERENCIA DEL PROYECTO “TRANSFERENCIA PARA EL TURISMO SUSTENTABLE DE MONTAÑA”, CÓDIGO BIP 40032591-0.",OSCAR CRISOSTOMO LLANOS,DOCDIGITAL,https://drive.google.com/file/d/1GHIicDp8lRGEu3sXi1uR6ZH2dUKL08fV/view?usp=drive_link,EN TRAMITE
,rpp,00082,30-07-2024,"APRUEBA BASES ADMINISTRATIVAS GENERALES, ESPECIFICACIONES TÉCNICAS Y ANEXOS, AUTORIZA EL LLAMADO AL PROCESO DE LICITACIÓN PÚBLICA, DESIGNA COMISIÓN DE APERTURA Y EVALUACIÓN DEL PROYECTO “ADQUISICIÓN DE MAQUINARIAS Y VEHÍCULOS PARA ÑUBLE”, CÓDIGO BIP 40062691-0.",OSCAR CRISOSTOMO LLANOS,DOCDIGITAL,https://drive.google.com/drive/folders/150YFAJe05LBJCJnXaTD_FeD6-DOBTvh4?usp=drive_link,CON ALCANCE
,,00081,26-07-2024,"APRUEBA CONVENIO DE TRANSFERENCIA PARA LA EJECUCIÓN DEL PROGRAMA “TRANSFERENCIA DESARROLLO DE COMPETENCIAS Y PROMOCIÓN TURÍSTICA NACIONALES E INTERNACIONALES – REGIÓN DE ÑUBLE”, CÓDIGO BIP 40058688-0.",OSCAR CRISOSTOMO LLANOS,DOCDIGITAL,https://drive.google.com/file/d/14FIa0DKcw2MqhOdDUgqoC4tGh_3Km28x/view?usp=drive_link,TOMADA DE RAZON
,psp ,00080,25-07-2024,"CRÉESE ASIGNACIONES IDENTIFICATORIAS DE INICIATIVAS DE INVERSIÓN DE ESTUDIOS BÁSICOS DEL PROGRAMA DE INVERSIÓN REGIONAL REGIÓN XVI”, SUBTÍTULO 31, INICIATIVAS DE INVERSIÓN DE LA REGIÓN DE ÑUBLE AÑO 2024.",OSCAR CRISOSTOMO LLANOS,DOCDIGITAL,https://drive.google.com/drive/folders/1FqoWvXKq5aakUXyKmn1894hJSESTlmEn?usp=drive_link,TOMADA DE RAZON
,psp,00079,24-07-2024,"APRUEBA CONVENIO MANDATO PARA LA EJECUCIÓN DEL PROYECTO “ADQUISICIÓN CUATRIMOTOS PARA EL CONTROL DE ÁREAS SILVESTRES PROTEGIDAS REGIÓN DE ÑUBLE”, código BIP 40059029-0.",OSCAR CRISOSTOMO LLANOS,DOCDIGITAL,https://drive.google.com/drive/folders/1qsnsnlZ2qV04KzeuPMyp9qnVxucbOkxo?usp=drive_link,EN TRAMITE
,psp,00078,24-07-2024,"APRUEBA CONVENIO MANDATO PARA LA EJECUCIÓN DEL PROYECTO “CONSERVACIÓN VEREDAS VILLA CUARTO CENTENARIO, CHILLÁN”, Código BIP 40027236-0.",OSCAR CRISOSTOMO LLANOS,DOCDIGITAL,https://drive.google.com/drive/folders/1-3gT1oNmG9HfsbrITWFf5pdg8SwEOF5g?usp=drive_link,TOMADA DE RAZON
,psp,00077,24-07-2024,"APRUEBA CONVENIO MANDATO PARA LA EJECUCIÓN DEL PROYECTO “CONSERVACIÓN VEREDAS POBLACIÓN SIMÓN BOLÍVAR, CHILLÁN”, CÓDIGO BIP 40036902-0.",OSCAR CRISOSTOMO LLANOS,DOCDIGITAL,https://drive.google.com/drive/folders/1SXslhz5jVqHmQyJxSyLCO61xWdGNAEhe?usp=drive_link,EN TRAMITE
,psp,00076,22-07-2024,"APRUEBA CONVENIO MANDATO PARA LA EJECUCIÓN DEL PROYECTO “CONSERVACIÓN VEREDAS VILLA LOS ALPES, CHILLÁN",OSCAR CRISOSTOMO LLANOS,DOCDIGITAL,https://drive.google.com/drive/folders/1GvkeLS-2SDCg5OTx-WG7XdbF3z0_1COZ?usp=drive_link,EN TRAMITE
,jpg,00075,22-07-2024,PROMULGA PLAN REGULADOR DE LA COMUNA DE PINTO,OSCAR CRISOSTOMO LLANOS,DOCDIGITAL,https://drive.google.com/file/d/1jUjHGHs2QgwG5dyAldEgFTrsia9b5B9V/view?usp=drive_link,REPRESENTADA
,psp,00074,18-07-2024,"CRÉESE Y MODIFÍQUESE ASIGNACIONES IDENTIFICATORIAS DE INICIATIVAS DE INVERSIÓN DE ESTUDIOS BÁSICOS DEL PROGRAMA DE INVERSIÓN REGIONAL REGIÓN XVI”, SUBTÍTULO 31, INICIATIVAS DE INVERSIÓN DE LA REGIÓN DE ÑUBLE AÑO 2024.",ALICIA CONTRERAS VIELMA,DOCDIGITAL,https://drive.google.com/file/d/17h_Q0wgdcsPvE2pY00aWrteDo8hsovpR/view?usp=drive_link,TOMADA DE RAZON
,psp,00073,17-07-2024,"APRUEBA CONVENIO MANDATO PARA LA EJECUCIÓN DEL PROYECTO “MEJORAMIENTO PATIO ISABEL RIQUELME, MERCADO MUNICIPAL DE CHILLÁN”",OSCAR CRISOSTOMO LLANOS,DOCDIGITAL,https://drive.google.com/drive/folders/1MB1u5F0zGZ1FBTa7Ov0mpx1IPSrOLOMI?usp=drive_link,EN TRAMITE
,asmp,00072,11-07-2024,MODIFICA PRESUPUESTO DE FUNCIONAMIENTO AÑO 2024 GOBIERNO REGIONAL DE ÑUBLE.,OSCAR CRISOSTOMO LLANOS,DOCDIGITAL,https://drive.google.com/drive/folders/1FY6A5SOiLZY5ntfRpGVxh9q1Y8sDosvv?usp=drive_link,TOMADA DE RAZON
,rpp,00071,03-07-2024,"APRUEBA BASES ADMINISTRATIVAS GENERALES, ESPECIFICACIONES TÉCNICAS Y ANEXOS, AUTORIZA EL LLAMADO AL PROCESO DE LICITACIÓN PÚBLICA, DESIGNA COMISIÓN DE APERTURA Y EVALUACIÓN DEL PROYECTO “ADQUISICIÓN DE MAQUINARIAS Y VEHÍCULOS PARA ÑUBLE”, CÓDIGO BIP 40062691-0.",ALICIA CONTRERAS VIELMA,DOCDIGITAL,https://drive.google.com/drive/folders/1gmPDaZxoY4kWWW0d2mEq-OSGbz7QUEs8?usp=sharing,REPRESENTADA
,jsm,00070,02-07-2024,"APRUEBA MODIFICACION DE CONVENIO MANDATO DEL PROYECTO “AMPLIACIÓN RED AGUA POTABLE, AGUAS SERVIDAS Y PEAS, VILLA LOS ARTESANOS, COMUNA DE NINHUE”",ALICIA CONTRERAS VIELMA,DOCDIGITAL,https://drive.google.com/drive/folders/13mZCupaIWVQD2PArarxswj8x1rLyqC4b?usp=drive_link,TOMADA DE RAZON
,ech,00069,01-07-2024,APRUEBA MODIFICACIÓN DE CONVENIO “TRANSFERENCIA MANEJO HIDRICO SUSTENTABLE DEL CULTIVO DEL ARROZ”,ALICIA CONTRERAS VIELMA,DOCDIGITAL,https://drive.google.com/drive/folders/12FIYhimy6ORaZz-cfzqK4r8wMkW_Bk5e?usp=drive_link,TOMADA DE RAZON
,ech,00068,01-07-2024,APRUEBA MODIFICACIÓN DE CONVENIO DE “TRANSFERENCIA PROGRAMA DE APOYO A FERIANTES DE LA REGIÓN DE ÑUBLE”,ALICIA CONTRERAS VIELMA,DOCDIGITAL,https://drive.google.com/drive/folders/125nhsUK38_K_AI09irrOZXGuUT0FUmWN?usp=drive_link,TOMADA DE RAZON
,psp,00067,01-07-2024,"APRUEBA MODIFICACIÓN DE CONVENIO MANDATO PARA LA EJECUCIÓN DEL PROYECTO “ADQUISICIÓN RECOLECTOR DE RESIDUOS DOMICILIARIOS, COMUNA DE SAN IGNACIO”",ALICIA CONTRERAS VIELMA,DOCDIGITAL,https://drive.google.com/drive/folders/1-pmuQ8DzwlPpK2YnwNZJg9YQptAzQB_T?usp=drive_link,EN TRAMITE
,psp,00066,01-07-2024,APRUEBA CONVENIO MANDATO PARA LA EJECUCIÓN DEL PROYECTO “REPOSICIÓN HOGAR DE ANCIANOS COMUNA DE SAN IGNACIO”,ALICIA CONTRERAS VIELMA,DOCDIGITAL,https://drive.google.com/drive/folders/1-hUV9pCYfAdB4pbdqIlYcg3wQs6csLio?usp=drive_link,EN TRAMITE
,psp,00065,28-06-2024,APRUEBA CONVENIO MANDATO PARA LA EJECUCIÓN DEL PROYECTO “ADQUISICIÓN BUS ILUSTRE MUNICIPALIDAD DE BULNES” CÓDIGO BIP 40060200-0.,OSCAR CRISOSTOMO LLANOS,DOCDIGITAL,https://drive.google.com/drive/folders/1y5Mrmrld128Vjq9Aq8dCTyPBGO-JkRRU?usp=drive_link,TOMADA DE RAZON
,ahm,00064,26-06-2024,MODIFÍCASE EL PRESUPUESTO DE INVERSIÓN DEL GOBIERNO REGIONAL DE ÑUBLE,OSCAR CRISOSTOMO LLANOS,DOCDIGITAL,https://drive.google.com/drive/folders/1obLaUgGgKFA5R424Z_uPmL7dO2Dpohsz?usp=drive_link,TOMADA DE RAZON
,jsm,00063,24-06-2024,"APRUEBA CONVENIO MANDATO PARA LA EJECUCIÓN DEL PROYECTO “REPOSICIÓN PAVIMENTACIÓN CALLE ARTURO PRAT, COMUNA DE NINHUE”",OSCAR CRISOSTOMO LLANOS,DOCDIGITAL,https://drive.google.com/drive/folders/1eep4Gcdzx7ZI6qSBoE2UxPFrKX0BOTkH?usp=drive_link,TOMADA DE RAZON
,psp,00062,24-06-2024,APRUEBA CONVENIO MANDATO PARA LA EJECUCIÓN DEL PROYECTO “ADQUISICIÓN VEHÍCULOS POLICIALES PARA LA XVI ZONA DE CARABINEROS ÑUBLE”,OSCAR CRISOSTOMO LLANOS,DOCDIGITAL,https://drive.google.com/drive/folders/1duHLu1ch_CLvPyNzvul1L58s1kgT8zG2?usp=drive_link,TOMADA DE RAZON
,gsg,00061,24-06-2024,MODIFICA PRESUPUESTO DE FUNCIONAMIENTO AÑO 2024 GOBIERNO REGIONAL DE ÑUBLE.,OSCAR CRISOSTOMO LLANOS,DOCDIGITAL,https://drive.google.com/drive/folders/1dmaMNVFHKtyNlpSzBXTHW_3Tt7PnzX_b?usp=drive_link,EN TRAMITE
,jsm,00060,18-06-2024,"APRUEBA CONVENIO MANDATO PARA LA EJECUCIÓN DEL PROYECTO “REPOSICIÓN CENTRO DE SALUD FAMILIAR DR. DAVID BENAVENTE, COMUNA DE NINHUE, REGIÓN DE ÑUBLE”",OSCAR CRISOSTOMO LLANOS,DOCDIGITAL,https://drive.google.com/drive/folders/1VWLDp0ik65qTk8HJ4FwE-3vUwirocQI3?usp=drive_link,TOMADA DE RAZON
,jsm,00059,18-06-2024,APRUEBA CONVENIO MANDATO PARA LA EJECUCIÓN DEL PROYECTO “REPOSICIÓN CUARTEL DE BOMBEROS COMUNA DE NINHUE”,OSCAR CRISOSTOMO LLANOS,DOCDIGITAL,https://drive.google.com/drive/folders/1VLX9nN6mrYeFmuiQSO5fNBmONtIJM4EW?usp=drive_link,EN TRAMITE
,jsm,00058,18-06-2024,"APRUEBA CONVENIO MANDATO PARA LA EJECUCIÓN DEL PROYECTO “CONSTRUCCIÓN CANCHA PASTO SINTÉTICO SECTOR EL RINCÓN, COMUNA DE NINHUE”",OSCAR CRISOSTOMO LLANOS,DOCDIGITAL,https://drive.google.com/drive/folders/1VFAp9drY-y4L1p9JmAGPLKZPRYGKCvCe?usp=drive_link,EN TRAMITE
,mqv,00057,14-06-2024,"APRUEBA CONVENIO MANDATO PARA LA EJECUCIÓN DEL PROYECTO “CONSTRUCCIÓN CANCHA PASTO SINTÉTICO Y CIERRE PERIMETRAL SECTOR ÑIQUÉN ESTACIÓN, ÑIQUÉN”.",OSCAR CRISOSTOMO LLANOS,DOCDIGITAL,https://drive.google.com/drive/folders/12S7XSTv5Hc94xuMlhBdlPluWXqGVsm1n?usp=drive_link,EN TRAMITE
,psp,00056,14-06-2024,"APRUEBA CONVENIO MANDATO PARA LA EJECUCIÓN DEL PROYECTO “REPOSICIÓN RETÉN DE CARABINEROS DE CATO, COMUNA DE COIHUECO”",OSCAR CRISOSTOMO LLANOS,DOCDIGITAL,https://drive.google.com/drive/folders/12KnPaWqLrqv0yJAFdpkMBB8JjRYs2xj_?usp=drive_link,TOMADA DE RAZON
,psp,00055,14-06-2024,APRUEBA CONVENIO MANDATO PARA LA EJECUCIÓN DEL PROYECTO “ADQUISICIÓN SISTEMA AERONAVES REMOTAMENTE PILOTADAS RPAS PARA LA ZONA DE CARABINEROS ÑUBLE”,OSCAR CRISOSTOMO LLANOS,DOCDIGITAL,https://drive.google.com/drive/folders/12DRyTvsLcXYGn_eIQExNITpuL_dguSaT?usp=drive_link,TOMADA DE RAZON
,jsm,00054,14-06-2024,"APRUEBA CONVENIO MANDATO PARA LA EJECUCIÓN DEL PROYECTO “CONSTRUCCIÓN CANCHA DE FUTBOL, SAN IGNACIO PALOMARES COMUNA DE RÁNQUIL”",OSCAR CRISOSTOMO LLANOS,DOCDIGITAL,https://drive.google.com/drive/folders/121Li1KAEvV1xdbWYqIn1xfBhkDZSKZ4t?usp=drive_link,CON ALCANCE
,psp,00053,14-06-2024,"APRUEBA CONVENIO MANDATO PARA LA EJECUCIÓN DEL PROYECTO “ADQUISICIÓN CLÍNICA VETERINARIA MÓVIL, COMUNA DE QUILLÓN”",OSCAR CRISOSTOMO LLANOS,DOCDIGITAL,https://drive.google.com/drive/folders/11iEaj9LyGMqlgFSc9dSIUJWyBr0lkeZi?usp=drive_link,EN TRAMITE
,jsm,00052,11-06-2024,"APRUEBA CONVENIO MANDATO PARA LA EJECUCIÓN DEL PROYECTO “ADQUISICIÓN RODILLO COMPACTADOR CON CAMIÓN DE TRASLADO, COMUNA DE COELEMU”",OSCAR CRISOSTOMO LLANOS,DOCDIGITAL,https://drive.google.com/drive/folders/1KA0xAJ_pYomkbeig7e_axq2BcQuPz-B4?usp=drive_link,EN TRAMITE
,psp,00051,11-06-2024,"APRUEBA CONVENIO MANDATO PARA LA EJECUCIÓN DEL PROYECTO “REPOSICIÓN DE 2 CAMIONES TOLVAS MUNICIPALES, COMUNA DE PINTO”",OSCAR CRISOSTOMO LLANOS,DOCDIGITAL,https://drive.google.com/drive/folders/1uuso-SXqt8hwGNl0BB4Xgg4zgzBX7vuT?usp=drive_link,EN TRAMITE
,gsg,00050,11-06-2024,MODIFICA PRESUPUESTO DE FUNCIONAMIENTO AÑO 2024 GOBIERNO REGIONAL DE ÑUBLE,OSCAR CRISOSTOMO LLANOS,DOCDIGITAL,https://drive.google.com/drive/folders/1dtGVR4vN1jBCRamTFLwqLci-WmPuNuoW?usp=drive_link,EN TRAMITE
,jsm,00049,30-05-2024,APRUEBA CONVENIO DE TRANSFERENCIA PARA LA EJECUCION DEL PROGRAMA “TRANSFERENCIA FLORA MELIFERA PARA MEJORAR EL NEGOCIO APICOLA DE LA REGION DE ÑUBLE”,OSCAR CRISOSTOMO LLANOS,E-MAIL,https://drive.google.com/drive/folders/11lCmEP6FTQcvTTspsoRRAiwoSQj2LpPm?usp=drive_link,TOMADA DE RAZON
,jsm,00048,29-05-2024,"APRUEBA CONVENIO MANDATO PARA LA EJECUCION DEL PROYECTO “CONSTRUCCION CANCHA PASTO SINTETICO Y CIERRE PERIMETRAL, SECTOR COYANCO, COMUNA DE NINHUE”, CODIGO BIP 40045787-0",OSCAR CRISOSTOMO LLANOS,DOCDIGITAL,https://drive.google.com/drive/folders/10dHfbQqbPtQID6Qcq5q-PNN4ngOUpcet?usp=drive_link,TOMADA DE RAZON
,ahm,00047,24-05-2024,MODIFICASE EL PRESUPUESTO DE INVERSION DEL GOBIERNO REGIONAL DE ÑUBLE,OSCAR CRISOSTOMO LLANOS,DOCDIGITAL,https://drive.google.com/drive/folders/1si1Q37_t_sxPo4EWmRCTDM-8MT7uUJ4y?usp=drive_link,EN TRAMITE
,ahm,00046,24-05-2024,MODIFICASE EL PRESUPUESTO DE INVERSION DEL GOBIERNO REGIONAL DE ÑUBLE,OSCAR CRISOSTOMO LLANOS,DOCDIGITAL,https://drive.google.com/drive/folders/1GbKB7qolV4CvwsUs1otaZK1UgS81dUXg?usp=drive_link,TOMADA DE RAZON
,jsm,00045,23-05-2024,APRUEBA MODIFICACION DE CONVENIO DEL PROGRAMA DENOMINADO “TRANSFERENCIA PROGRAMA RECAMBIO DE CALEFACTORES CHILLAN Y CHILLAN VIEJO 2020-2021”,OSCAR CRISOSTOMO LLANOS,DOCDIGITAL,https://drive.google.com/drive/folders/1-sRovZ1S_abBGmqpqTjj73RRSCc6fzuG?usp=drive_link,EN TRAMITE
,psp,00044,17-05-2024,APRUEBA CONVENIO MANDATO PARA LA EJECUCION DEL PROYECTO “REPOSICION EQUIPO RAYOS OSTEOPULMONAR DIGITAL HOSPITAL QUIRIHUE”,ALICIA CONTRERAS VIELMA,DOCDIGITAL,https://drive.google.com/drive/folders/1B0cDhXUzNQEXPAw_e9aj8oJ3NbjbBnOg?usp=drive_link,CON ALCANCE
,psp,00043,17-05-2024,"APRUEBA CONVENIO MANDATO PARA LA EJECUCION DEL PROYECTO “ADQUISICION CLINICA VETERINARIA MOVIL, COMUNA DE QUILLON”",ALICIA CONTRERAS VIELMA,DOCDIGITAL,https://drive.google.com/drive/folders/1OKO-jNkCQZ_WBOp2g7u_bxSfW-GKYdeG?usp=drive_link,EN TRAMITE
,jsm,00042,15-05-2024,"APRUEBA CONVENIO MANDATO PARA LA EJECUCION DEL PROYECTO “ADQUISICION CAMION RECOLECTOR DE RESIDUOS SOLIDOS DOMICILIARIOS, COMUNA DE ÑIQUEN”",ALICIA CONTRERAS VIELMA,DOCDIGITAL,https://drive.google.com/drive/folders/1bFsox1FvImbfg3EG047yYpb0UJc_DByj?usp=drive_link,EN TRAMITE
,psp,00041,15-05-2024,"APRUEBA CONVENIO MANDATO PARA LA EJECUCION DEL PROYECTO “ADQUISICION ECOGRAFO Y SISTEMA DETECCION PRECOZ CANCER DE MAMA, HCHM”",ALICIA CONTRERAS VIELMA,DOCDIGITAL,https://drive.google.com/drive/folders/1i60sl3wrxhe1wuKz-4L2q3kHOvFL8rfh?usp=drive_link,CON ALCANCE
,psp,00040,13-05-2024,"APRUEBA CONVENIO MANDATO PARA LA EJECUCION DEL PROYECTO “CONSTRUCCION CARPETA PASTO SINTETICO Y CIERRE PERIMETRAL CANCHA DE RECINTO, COMUNA DE PINTO”",OSCAR CRISOSTOMO LLANOS,DOCDIGITAL,https://drive.google.com/drive/folders/16sfhuAiKfJXeH89iJAaHG46er7amZQcT?usp=drive_link,EN TRAMITE
,psp,00039,10-05-2024,"APRUEBA CONVENIO MANDATO PARA LA EJECUCION DEL PROYECTO “CONSTRUCCION CANCHA DE FUTBOL SECTOR GENERAL CRUZ COMUNA DE PEMUCO”, CODIGO BIP 40048158-0.",OSCAR CRISOSTOMO LLANOS,DOCDIGITAL,https://drive.google.com/drive/folders/16yYnmACAvxPglEQ_BhWS7pv6qyvpXtPS?usp=drive_link,CON ALCANCE
,psp,00038,09-05-2024,"APRUEBA MODIFICACION DE CONVENIO DE TRANSFERENCIA DEL PROGRAMA DENOMINADO “TRANSFERENCIA FORTALECIMIENTO DE LA PROMOCION DEL TURISMO PARA LA TERCERA EDAD REGION DE ÑUBLE”, CODIGO BIP 40053887-0. ",OSCAR CRISOSTOMO LLANOS,DOCDIGITAL,https://drive.google.com/drive/folders/1IoHGioit3H3ST2m-L1RHlxe9bXaBJEm-?usp=drive_link,EN TRAMITE
,psp,00037,03-05-2024,"CREESE Y MODIFIQUESE ASIGNACIONES IDENTIFICATORIAS DE INICIATIVAS DE INVERSION DE ESTUDIOS BASICOS DEL PROGRAMA DE INVERSION REGIONAL REGION XVI”, SUBTITULO 31, INICIATIVAS DE INVERSION DE LA  REGION DE ÑUBLE AÑO 2024.
",OSCAR CRISOSTOMO LLANOS,DOCDIGITAL,https://drive.google.com/drive/folders/1A4F_ecqxSyhU8GB8ZPpb7pdRlPb5z_kc?usp=drive_link,EN TRAMITE
,gsg,00036,02-05-2024,MODIFICASE EL PROGRAMA DE FUNCIONAMIENTO AÑO 2024 DEL GOBIERNO REGIONAL DE ÑUBLE,OSCAR CRISOSTOMO LLANOS,DOCDIGITAL,https://drive.google.com/drive/folders/1e65jPLN0RndUCSSfW9ukTHLIrvkYlGK4?usp=drive_link,EN TRAMITE
,psp,00035,29-04-2024,"APRUEBA MODIFICACION DE CONVENIO MANDATO “CONSTRUCCION VEREDAS URBANAS DIVERSOS SECTORES, COMUNAS ASOCIACION PUNILLA”",OSCAR CRISOSTOMO LLANOS,DOCDIGITAL,https://drive.google.com/drive/folders/1PA7s7Wx1cof5DPUSOEpGi0-06Ud00sVD?usp=drive_link,EN TRAMITE
,mqv,00034,29-04-2024,"APRUEBA CONVENIO MANDATO PARA LA EJECUCION DEL PROYECTO “CONSTRUCCION CANCHA DE PASTO SINTETICO PASO ANCHO, COMUNA DE SAN FABIAN”",OSCAR CRISOSTOMO LLANOS,DOCDIGITAL,https://drive.google.com/drive/folders/1akWldQqLdkYPgVx6k0ktyDrLFVplBv83?usp=drive_link,EN TRAMITE
,gtu,00033,22-04-2024,"APRUEBA CONVENIO DE TRANSFERENCIA DE RECURSOS SUBVENCION DE ASIGNACION DIRECTA 2023 PARA LA EJECUCION DEL PROYECTO ""PROGRAMA SANITARIO DE EMERGENCIA PARA ÑUBLE"", CODIGO FSDÑ 001.",OSCAR CRISOSTOMO LLANOS,POR MANO,https://drive.google.com/drive/folders/1VKfGYXiJC831itm6umZoomfOTalq-oJO?usp=drive_link,EN TRAMITE
,mqv,00032,22-04-2024,APRUEBA CONVENIO DE TRANSFERENCIA DEL PROGRAMA DENOMINADO “TRANSFERENCIA PARA EL ACCESO CULTURAL EN LA REGION DE ÑUBLE”,OSCAR CRISOSTOMO LLANOS,DOCDIGITAL,https://drive.google.com/drive/folders/1GwaqK1CJNSBtUx2iza_CbYwJSzBr5EJE?usp=drive_link,EN TRAMITE
,psp,00031,18-04-2024,"APRUEBA MODIFICACION DE CONVENIO DEL PROGRAMA DENOMINADO ""TRANSFERENCIA FORTAL. CAP. SOCIAL COMUNITARIO ENFOQUE TERRITORIAL REGION DE ÑUBLE"".",OSCAR CRISOSTOMO LLANOS,DOCDIGITAL,https://drive.google.com/drive/folders/1YYPGBGPGRarzyhEQqcNcEiuDtlLV-0aW?usp=drive_link,EN TRAMITE
,gsg,00030,17-04-2024,MODIFICACION PRESUPUESTARIA POR CONVENIO DE PRODUCTIVIDAD.,OSCAR CRISOSTOMO LLANOS,DOCDIGITAL,https://drive.google.com/drive/folders/12MVv9Vg_ATNfUXYb-j199qRR1bsTRNbG?usp=drive_link,EN TRAMITE
,ahm,00029,16-04-2024,MODIFICASE EL PRESUPUESTO DE INVERSION DEL GOBIERNO REGIONAL DE ÑUBLE,OSCAR CRISOSTOMO LLANOS,DOCDIGITAL,https://drive.google.com/drive/folders/1TgyqSGfguQzp0S0NYOE0X1att5RZz-bp?usp=drive_link,EN TRAMITE
,psp,00028,16-04-2024,"APRUEBA CONVENIO MANDATO PARA LA EJECUCION DEL PROYECTO “CONSTRUCCION CANCHA DE PASTO SINTETICO PARQUE SUR, COMUNA DE EL CARMEN”",OSCAR CRISOSTOMO LLANOS,DOCDIGITAL,https://drive.google.com/drive/folders/1LG5ceTkY12UyFCxqh350xqLpYwCr0XIU?usp=drive_link,EN TRAMITE
,psp,00027,15-04-2024,APRUEBA CONVENIO MANDATO PARA LA EJECUCION DEL PROYECTO “REPOSICION Y ADQUISICION DE SISTEMA DE VIGILANCIA Y SEGURIDAD DEL CPF BULNES”,OSCAR CRISOSTOMO LLANOS,DOCDIGITAL,https://drive.google.com/drive/folders/1G5lq-hKnYerYTu-RRBzWMve7Y3zp8ivC?usp=drive_link,EN TRAMITE
,psp,00026,15-04-2024,"APRUEBA CONVENIO MANDATO PARA LA EJECUCION DEL PROYECTO “REPOSICION ECOGRAFO SERVICIO GINECOLOGIA Y OBSTETRICIA HSC”, CODIGO BIP 40029931-0",OSCAR CRISOSTOMO LLANOS,DOCDIGITAL,https://drive.google.com/drive/folders/1f5gqNnqniyF7AiaTxNqF3eMNhCCtML0_?usp=drive_link,EN TRAMITE
,psp,00025,15-04-2024,"APRUEBA CONVENIO MANDATO PARA LA EJECUCION DEL PROYECTO “REPOSICION CENTRO DE SALUD FAMILIAR DE CAMPANARIO, COMUNA DE YUNGAY”",OSCAR CRISOSTOMO LLANOS,DOCDIGITAL,https://drive.google.com/drive/folders/1ccKKmO3X2VzK0E-savmo6K3Jo5JMdzlX?usp=drive_link,EN TRAMITE
,psp,00024,15-04-2024,"APRUEBA CONVENIO MANDATO PARA LA EJECUCION DEL PROYECTO “ACTUALIZACION PLAN DE DESARROLLO COMUNAL, YUNGAY 2024-2028”",OSCAR CRISOSTOMO LLANOS,DOCDIGITAL,https://drive.google.com/drive/folders/1IamjdOTlQpdMuidmb05m_2a0FvzYfN9-?usp=drive_link,EN TRAMITE
,mqv,00023,12-04-2024,"APRUEBA MODIFICACION DE CONVENIO MECANISMO POR ENTRADA EN VIGENCIA LEY 21.420 ""REDUCE O ELIMINA  EXENCIONES TRIBUTARIAS "", APLICADA AL PROYECTO "" CONSTRUCCION SISTEMA DE ALCANTARILLADO Y P.T.A.S. LOCALIDAD DE SAN FABIAN"".",OSCAR CRISOSTOMO LLANOS,,https://drive.google.com/drive/folders/1q69d4F3ltkA6FNBS-xhOawKDgGmPU5ht?usp=drive_link,EN TRAMITE
,mqv,00022,12-04-2024,"APRUEBA MODIFICACION DE CONVENIO MECANISMO POR ENTRADA EN VIGENCIA LEY 21.420 ""REDUCE O ELIMINA  EXENCIONES TRIBUTARIAS "", APLICADA AL PROYECTO "" ACTUALIZACION PLAN REGULADOR COMUNAL SAN FABIAN"".",OSCAR CRISOSTOMO LLANOS,,https://drive.google.com/drive/folders/1d_5QIk5jcPk5gRYNVuDtvekbji0AJmT9?usp=drive_link,EN TRAMITE
,gsg,00021,10-04-2024,MODIFICASE EL PROGRAMA DE FUNCIONAMIENTO AÑO 2024 DEL GOBIERNO REGIONAL DE ÑUBLE.,OSCAR CRISOSTOMO LLANOS,,https://drive.google.com/drive/folders/1e_3d0GPad8RU2mIdGT5x_o5UGbw_HGA7?usp=drive_link,EN TRAMITE
,ahm,00020,08-04-2024,"APRUEBA CONVENIO MANDATO PARA LA EJECUCION DEL PROYECTO ""CONSTRUCCION SISTEMA COLECTIVO DE AGUAS SERVIDAS SECTOR SAN MIGUEL, COMUNA DE SAN IGNACIO"".",OSCAR CRISOSTOMO LLANOS,,https://drive.google.com/drive/folders/1L6rlOyZe_Bep_1xdvVTEDr4CTW4Bx52W?usp=drive_link,EN TRAMITE
,psp,00019,01-04-2024,"CREESE Y MODIFIQUESE ASIGNACIONES IDENTIFICATORIAS DE INICIATIVAS DE INVERSION DE ESTUDIOS BASICOS DEL PROGRAMA DE INVERSION REGIONAL REGION XVI, SUBTITULO 31, INICIATIVAS DE INVERSION DE LA REGION DE ÑUBLE AÑO 2024.",OSCAR CRISOSTOMO LLANOS,,https://drive.google.com/drive/folders/1a59yjHGz0twtChjAu__uSI5qrtgRgm0X?usp=drive_link,EN TRAMITE
,ahm,00018,28-03-2024,"APRUEBA CONVENIO MANDATO PARA LA EJECUCION DEL PROYECTO ""CONSTRUCCION ESCUELA DE MEDICINA Y CENTRO DE SIMULACION CLINICA UBB REGION DE ÑUBLE"".",OSCAR CRISOSTOMO LLANOS,,https://drive.google.com/drive/folders/1xFTdeClyDubzu-eisgQorgxQSzhgdvP3?usp=drive_link,EN TRAMITE
,ahm,00017,26-03-2024,MODIFICASE EL PRESUPUESTO DE INVERSION DEL GOBIERNO REGIONAL DE ÑUBLE.,OSCAR CRISOSTOMO LLANOS,,https://drive.google.com/drive/folders/1yXttUzxHH9vjvTXT2LbWD5Qol1dDIDKJ?usp=drive_link,EN TRAMITE
,psp,00016,22-03-2024,"APRUEBA CONVENIO DE TRANSFERENCIA DEL PROGRAMA DENOMINADO ""TRANSFERENCIA PROGRAMA INVERSION A LA COMUNIDAD, REGION DE ÑUBLE AÑO 2024"".",OSCAR CRISOSTOMO LLANOS,,https://drive.google.com/drive/folders/1NgiNkLMrKBN0VYdeK4bqYnKfn2QQhWUZ?usp=drive_link,EN TRAMITE
,ahm,00015,22-03-2024,MODIFICASE EL PRESUPUESTO DE INVERSION DEL GOBIERNO REGIONAL DE ÑUBLE.,OSCAR CRISOSTOMO LLANOS,,https://drive.google.com/drive/folders/176uSQj6KdzP8_xDHPr20QPIYxK--xgTr?usp=drive_link,EN TRAMITE
,ahm,00014,22-03-2024,MODIFICASE EL PRESUPUESTO DE INVERSION DEL GOBIERNO REGIONAL DE ÑUBLE.,OSCAR CRISOSTOMO LLANOS,,https://drive.google.com/drive/folders/1IGO_qz1BXmZA53bMzF1ki0ncDRBItFVE?usp=drive_link,EN TRAMITE
,mqv,00013,19-03-2024,"APRUEBA MODIFICACION DE CONVENIO MANDATO PARA LA EJECUCION DEL PROYECTO ""REPOSICION GIMNASIO MUNICIPAL DE COIHUECO"". CODIGO BIP: 30002297-0.",OSCAR CRISOSTOMO LLANOS,,https://drive.google.com/drive/folders/1OcZt_IQPhhc85er8Fm8AVAaBBLzX8gj5?usp=drive_link,EN TRAMITE
,gtu,00012,22-02-2024,"MODIFICACION DE CONVENIO DE TRANSPARENCIA DE RECURSOS PARA SUBVENCION ASIGNACION DIRECTA 2023: "" PROGRAMA SOCIAL DE EMERGENCIA PARA ÑUBLE"". CODIGO 2301ADC001.",ALICIA CONTRERAS VIELMA,,https://drive.google.com/drive/folders/1LaZNwESJ7sUfBlvXVWcAFx9wfewhNHTn?usp=drive_link,EN TRAMITE
,gsg,00011,22-02-2024,MODIFICASE EL PROGRAMA DE FUNCIONAMIENTO AÑO 2024 DEL  GOBIERNO REGIONAL DE ÑUBLE.,ALICIA CONTRERAS VIELMA,,https://drive.google.com/drive/folders/17YMkFi6OdrsEQCH4CQmy6spVchmJrBwG?usp=drive_link,EN TRAMITE
,gsg,00010,16-02-2024,MODIFIQUESE PRESUPUESTO VIGENTE PROGRAMA FUNCIONAMIENTO GOBIERNO REGIONAL DE ÑUBLE.,OSCAR CRISOSTOMO LLANOS,,https://drive.google.com/drive/folders/1RBtn0PeVdSH0o3JpkLBu9pTjbQKEUzKE?usp=drive_link,EN TRAMITE
,psp,00009,14-02-2024,"APRUEBA MODIFICACION DE CONVENIO MECANISMO POR ENTRADA EN VIGENCIA LEY 21.419 ""REDUCE O ELIMINA  EXENCIONES TRIBUTARIAS "", APLICADA AL PROYECTO "" REPOSICION DE RETEN DE CARABINEROS ÑIPAS, COMUNA DE RANQUIL "", CODIGO BIP 40027510-0.",ALICIA CONTRERAS VIELMA,,https://drive.google.com/drive/folders/1rNoezaFvcgN8j1fIQd1Q1UNkb5JRqfUj?usp=drive_link,EN TRAMITE
,lpo,00008,14-02-2024,"APRUEBA CONVENIO MANDATO PARA LA EJECUCION DEL PROYECTO "" REPOSICION TRES(3) FURGONES ESCOLARES, COMUNA DE COBQUECURA "", CODIGO BIP 40044541-0.",ALICIA CONTRERAS VIELMA,,https://drive.google.com/drive/folders/1UdhE4c1YSqZaE8Zqs2BNamopcrq68VrQ?usp=drive_link,EN TRAMITE
,lpo,00007,14-02-2024,"APRUEBA CONVENIO MANDATO PARA LA EJECUCION DEL PROYECTO "" ADQUISICION FURGON INCLUSIVO PARA RANQUIL "", CODIGO BIP 40044138-0.",ALICIA CONTRERAS VIELMA,,https://drive.google.com/drive/folders/1XrbcmIfIG2bwXsyCCJBjKrpudz6QpBM6?usp=drive_link,EN TRAMITE
,psp,00006,13-02-2024,"CREESE ASIGNACIONES IDENTICATORIAS DE INICIATIVAS DE INVERSIONES NUEVAS DE ESTUDIOS BASICOS DEL PROGRAMA DE INVERSION REGIONAL REGION XVI, SUBTITULO 31, INICIATIVAS DE INVERSION DE LA REGION DE ÑUBLE AÑO 2024.",OSCAR CRISOSTOMO LLANOS,,https://drive.google.com/drive/folders/1oUMc5FVgRAJKpiYArsrOveqsyKwJamTO?usp=drive_link,EN TRAMITE
,psp,00005,13-02-2024,"CREESE ASIGNACIONES IDENTICATORIAS DE INICIATIVAS DE INVERSION DE ARRASTRE DE ESTUDIOS BASICOS DEL PROGRAMA DE INVERSION REGIONAL REGION XVI, SUBTITULO 31, INICIATIVAS DE INVERSION DE LA REGION DE ÑUBLE AÑO 2024.",OSCAR CRISOSTOMO LLANOS,,https://drive.google.com/drive/folders/1Z9WgRS-TYe4-pyADxX4BiK5bAk1ZnQH4?usp=drive_link,EN TRAMITE
,rhp,00004,01-02-2024,"APRUEBA MODIFICACION DE CONVENIO DE TRANSFERENCIA DE RECURSOS PARA LA EJECUCION DEL PROGRAMA ""TRANSFERENCIA OPORTUNIDAD DE ACCESO AL APRENDIZAJE PARA TODOS LICEO SAN NICOLAS"".",OSCAR CRISOSTOMO LLANOS,,https://drive.google.com/drive/folders/1BBQAVRpUZnmQtRfkJuBG6bXqX1JAJU0X?usp=drive_link,EN TRAMITE
,mqv,00003,30-01-2024,"APRUEBA MODIFICACION DE CONVENIO MANDATO PARA LA EJECUCION DEL PROYECTO ""REPOSICION GIMNASIO MUNICIPAL DE COIHUECO"".",OSCAR CRISOSTOMO LLANOS,,https://drive.google.com/drive/folders/17s-Lx6La7PRZzGyMhIH_Oa3gqHr1u_8H?usp=drive_link,EN TRAMITE
,fsc,00002,08-01-2024,"APRUEBA CONTRATO DE ADQUISICION DE CAMARAS DE TELEVIGILANCIA REGION DE ÑUBLE "", CODIGO BIP 40016354-0",OSCAR CRISOSTOMO LLANOS,,https://drive.google.com/drive/folders/1Zfhc3dKGukh_zsnhuIAidY1xiQo4fb4k?usp=drive_link,EN TRAMITE
,lpm,00001,08-01-2024,"APRUEBA SUMARIO ADMINISTRATIVO INCOADO EN VIRTUD DE RESOLUCION EXENTA N°900, DE 24 DE OCTUBRE DE 2022 Y SOBRESEE DE RESPONSABILIDAD ADMINISTRATIVA. ",OSCAR CRISOSTOMO LLANOS,,https://drive.google.com/drive/folders/1acEyfwAR9VYaHe2TemkLlx8scoyVvR-m?usp=drive_link,EN TRAMITE